[0.000000] (-) TimerEvent: {}
[0.000395] (ackermann_teleop) JobQueued: {'identifier': 'ackermann_teleop', 'dependencies': OrderedDict()}
[0.000475] (ackermann_vesc_adapter) JobQueued: {'identifier': 'ackermann_vesc_adapter', 'dependencies': OrderedDict()}
[0.000522] (drive) JobQueued: {'identifier': 'drive', 'dependencies': OrderedDict()}
[0.000581] (gazebo_ackermann_steering_vehicle) JobQueued: {'identifier': 'gazebo_ackermann_steering_vehicle', 'dependencies': OrderedDict()}
[0.000624] (vesc_msgs) JobQueued: {'identifier': 'vesc_msgs', 'dependencies': OrderedDict()}
[0.000650] (vesc_driver) JobQueued: {'identifier': 'vesc_driver', 'dependencies': OrderedDict({'vesc_msgs': '/home/pi/ros2_ws/install/vesc_msgs'})}
[0.000697] (vesc) JobQueued: {'identifier': 'vesc', 'dependencies': OrderedDict({'vesc_msgs': '/home/pi/ros2_ws/install/vesc_msgs', 'vesc_driver': '/home/pi/ros2_ws/install/vesc_driver'})}
[0.001885] (vesc_msgs) JobStarted: {'identifier': 'vesc_msgs'}
[0.015698] (ackermann_teleop) JobStarted: {'identifier': 'ackermann_teleop'}
[0.027922] (ackermann_vesc_adapter) JobStarted: {'identifier': 'ackermann_vesc_adapter'}
[0.039655] (drive) JobStarted: {'identifier': 'drive'}
[0.048331] (vesc_msgs) JobProgress: {'identifier': 'vesc_msgs', 'progress': 'cmake'}
[0.049473] (vesc_msgs) Command: {'cmd': ['/usr/bin/cmake', '/home/pi/ros2_ws/src/vesc/vesc_msgs', '-DAMENT_CMAKE_SYMLINK_INSTALL=1', '-DCMAKE_INSTALL_PREFIX=/home/pi/ros2_ws/install/vesc_msgs'], 'cwd': '/home/pi/ros2_ws/build/vesc_msgs', 'env': OrderedDict({'LESSOPEN': '| /usr/bin/lesspipe %s', 'USER': 'pi', 'GZ_CONFIG_PATH': '/opt/ros/kilted/opt/sdformat_vendor/share/gz', 'XDG_SESSION_TYPE': 'wayland', 'CLUTTER_DISABLE_MIPMAPPED_TEXT': '1', 'SHLVL': '1', 'LD_LIBRARY_PATH': '/home/pi/ros2_ws/install/vesc_driver/lib:/home/pi/ros2_ws/install/vesc_msgs/lib:/opt/ros/kilted/opt/zenoh_cpp_vendor/lib:/opt/ros/kilted/opt/sdformat_vendor/lib:/opt/ros/kilted/opt/gz_math_vendor/lib:/opt/ros/kilted/opt/gz_utils_vendor/lib:/opt/ros/kilted/opt/rviz_ogre_vendor/lib:/opt/ros/kilted/lib/aarch64-linux-gnu:/opt/ros/kilted/opt/gz_tools_vendor/lib:/opt/ros/kilted/opt/gz_cmake_vendor/lib:/opt/ros/kilted/lib', 'HOME': '/home/pi', 'OLDPWD': '/home/pi/ros2_ws/src', 'DESKTOP_SESSION': 'ubuntu', 'ROS_PYTHON_VERSION': '3', 'GNOME_SHELL_SESSION_MODE': 'ubuntu', 'GTK_MODULES': 'gail:atk-bridge', 'SYSTEMD_EXEC_PID': '2195', 'GSM_SKIP_SSH_AGENT_WORKAROUND': 'true', 'DBUS_SESSION_BUS_ADDRESS': 'unix:path=/run/user/1000/bus', 'COLORTERM': 'truecolor', 'DEBUGINFOD_URLS': 'https://debuginfod.ubuntu.com', 'IM_CONFIG_PHASE': '1', 'WAYLAND_DISPLAY': 'wayland-0', 'COLCON_PREFIX_PATH': '/home/pi/ros2_ws/install', 'ROS_DISTRO': 'kilted', 'LOGNAME': 'pi', '_': '/usr/bin/colcon', 'ROS_VERSION': '2', 'MEMORY_PRESSURE_WATCH': '/sys/fs/cgroup/user.slice/user-1000.slice/user@1000.service/session.slice/org.gnome.Shell@wayland.service/memory.pressure', 'XDG_SESSION_CLASS': 'user', 'USERNAME': 'pi', 'TERM': 'xterm-256color', 'GNOME_DESKTOP_SESSION_ID': 'this-is-deprecated', 'PATH': '/opt/ros/kilted/opt/gz_tools_vendor/bin:/opt/ros/kilted/bin:/usr/local/sbin:/usr/local/bin:/usr/sbin:/usr/bin:/sbin:/bin:/usr/games:/usr/local/games:/snap/bin:/snap/bin', 'SESSION_MANAGER': 'local/pi-desktop:@/tmp/.ICE-unix/2158,unix/pi-desktop:/tmp/.ICE-unix/2158', 'XDG_MENU_PREFIX': 'gnome-', 'GNOME_TERMINAL_SCREEN': '/org/gnome/Terminal/screen/b6060ff1_b4c0_4e7e_98da_2ab95f683da2', 'GNOME_SETUP_DISPLAY': ':1', 'XDG_RUNTIME_DIR': '/run/user/1000', 'DISPLAY': ':0', 'LANG': 'C.UTF-8', 'XDG_CURRENT_DESKTOP': 'ubuntu:GNOME', 'XMODIFIERS': '@im=ibus', 'XDG_SESSION_DESKTOP': 'ubuntu', 'XAUTHORITY': '/run/user/1000/.mutter-Xwaylandauth.GK01I3', 'LS_COLORS': 'rs=0:di=01;34:ln=01;36:mh=00:pi=40;33:so=01;35:do=01;35:bd=40;33;01:cd=40;33;01:or=40;31;01:mi=00:su=37;41:sg=30;43:ca=00:tw=30;42:ow=34;42:st=37;44:ex=01;32:*.tar=01;31:*.tgz=01;31:*.arc=01;31:*.arj=01;31:*.taz=01;31:*.lha=01;31:*.lz4=01;31:*.lzh=01;31:*.lzma=01;31:*.tlz=01;31:*.txz=01;31:*.tzo=01;31:*.t7z=01;31:*.zip=01;31:*.z=01;31:*.dz=01;31:*.gz=01;31:*.lrz=01;31:*.lz=01;31:*.lzo=01;31:*.xz=01;31:*.zst=01;31:*.tzst=01;31:*.bz2=01;31:*.bz=01;31:*.tbz=01;31:*.tbz2=01;31:*.tz=01;31:*.deb=01;31:*.rpm=01;31:*.jar=01;31:*.war=01;31:*.ear=01;31:*.sar=01;31:*.rar=01;31:*.alz=01;31:*.ace=01;31:*.zoo=01;31:*.cpio=01;31:*.7z=01;31:*.rz=01;31:*.cab=01;31:*.wim=01;31:*.swm=01;31:*.dwm=01;31:*.esd=01;31:*.avif=01;35:*.jpg=01;35:*.jpeg=01;35:*.mjpg=01;35:*.mjpeg=01;35:*.gif=01;35:*.bmp=01;35:*.pbm=01;35:*.pgm=01;35:*.ppm=01;35:*.tga=01;35:*.xbm=01;35:*.xpm=01;35:*.tif=01;35:*.tiff=01;35:*.png=01;35:*.svg=01;35:*.svgz=01;35:*.mng=01;35:*.pcx=01;35:*.mov=01;35:*.mpg=01;35:*.mpeg=01;35:*.m2v=01;35:*.mkv=01;35:*.webm=01;35:*.webp=01;35:*.ogm=01;35:*.mp4=01;35:*.m4v=01;35:*.mp4v=01;35:*.vob=01;35:*.qt=01;35:*.nuv=01;35:*.wmv=01;35:*.asf=01;35:*.rm=01;35:*.rmvb=01;35:*.flc=01;35:*.avi=01;35:*.fli=01;35:*.flv=01;35:*.gl=01;35:*.dl=01;35:*.xcf=01;35:*.xwd=01;35:*.yuv=01;35:*.cgm=01;35:*.emf=01;35:*.ogv=01;35:*.ogx=01;35:*.aac=00;36:*.au=00;36:*.flac=00;36:*.m4a=00;36:*.mid=00;36:*.midi=00;36:*.mka=00;36:*.mp3=00;36:*.mpc=00;36:*.ogg=00;36:*.ra=00;36:*.wav=00;36:*.oga=00;36:*.opus=00;36:*.spx=00;36:*.xspf=00;36:*~=00;90:*#=00;90:*.bak=00;90:*.crdownload=00;90:*.dpkg-dist=00;90:*.dpkg-new=00;90:*.dpkg-old=00;90:*.dpkg-tmp=00;90:*.old=00;90:*.orig=00;90:*.part=00;90:*.rej=00;90:*.rpmnew=00;90:*.rpmorig=00;90:*.rpmsave=00;90:*.swp=00;90:*.tmp=00;90:*.ucf-dist=00;90:*.ucf-new=00;90:*.ucf-old=00;90:', 'GNOME_TERMINAL_SERVICE': ':1.100', 'SSH_AUTH_SOCK': '/run/user/1000/keyring/ssh', 'ROS_DOMAIN_ID': '1', 'AMENT_PREFIX_PATH': '/home/pi/ros2_ws/install/vesc:/home/pi/ros2_ws/install/vesc_driver:/home/pi/ros2_ws/install/vesc_msgs:/home/pi/ros2_ws/install/drive:/opt/ros/kilted', 'SHELL': '/bin/bash', 'QT_ACCESSIBILITY': '1', 'GDMSESSION': 'ubuntu', 'LESSCLOSE': '/usr/bin/lesspipe %s %s', 'ROS_AUTOMATIC_DISCOVERY_RANGE': 'SUBNET', 'QT_IM_MODULE': 'ibus', 'PWD': '/home/pi/ros2_ws/build/vesc_msgs', 'XDG_CONFIG_DIRS': '/etc/xdg/xdg-ubuntu:/etc/xdg', 'XDG_DATA_DIRS': '/usr/share/ubuntu:/usr/share/gnome:/usr/local/share/:/usr/share/:/var/lib/snapd/desktop', 'PYTHONPATH': '/home/pi/ros2_ws/install/vesc_msgs/lib/python3.12/site-packages:/home/pi/ros2_ws/install/drive/lib/python3.12/site-packages:/opt/ros/kilted/lib/python3.12/site-packages', 'COLCON': '1', 'MEMORY_PRESSURE_WRITE': 'c29tZSAyMDAwMDAgMjAwMDAwMAA=', 'VTE_VERSION': '7600', 'CMAKE_PREFIX_PATH': '/home/pi/ros2_ws/install/vesc:/home/pi/ros2_ws/install/vesc_driver:/home/pi/ros2_ws/install/vesc_msgs:/opt/ros/kilted/opt/sdformat_vendor:/opt/ros/kilted/opt/gz_math_vendor:/opt/ros/kilted/opt/gz_utils_vendor:/opt/ros/kilted/opt/gz_tools_vendor:/opt/ros/kilted/opt/gz_cmake_vendor:/home/pi/ros2_ws/install/drive:/opt/ros/kilted'}), 'shell': False}
[0.099920] (-) TimerEvent: {}
[0.200323] (-) TimerEvent: {}
[0.300749] (-) TimerEvent: {}
[0.401138] (-) TimerEvent: {}
[0.501542] (-) TimerEvent: {}
[0.601903] (-) TimerEvent: {}
[0.702276] (-) TimerEvent: {}
[0.802657] (-) TimerEvent: {}
[0.901898] (vesc_msgs) StdoutLine: {'line': b'-- The C compiler identification is GNU 13.3.0\n'}
[0.902375] (vesc_msgs) StdoutLine: {'line': b'-- The CXX compiler identification is GNU 13.3.0\n'}
[0.902485] (vesc_msgs) StdoutLine: {'line': b'-- Detecting C compiler ABI info\n'}
[0.902576] (vesc_msgs) StdoutLine: {'line': b'-- Detecting C compiler ABI info - done\n'}
[0.902662] (-) TimerEvent: {}
[0.902972] (vesc_msgs) StdoutLine: {'line': b'-- Check for working C compiler: /usr/bin/cc - skipped\n'}
[0.903172] (vesc_msgs) StdoutLine: {'line': b'-- Detecting C compile features\n'}
[0.903412] (vesc_msgs) StdoutLine: {'line': b'-- Detecting C compile features - done\n'}
[0.903804] (vesc_msgs) StdoutLine: {'line': b'-- Detecting CXX compiler ABI info\n'}
[0.904296] (vesc_msgs) StdoutLine: {'line': b'-- Detecting CXX compiler ABI info - done\n'}
[0.904613] (vesc_msgs) StdoutLine: {'line': b'-- Check for working CXX compiler: /usr/bin/c++ - skipped\n'}
[0.904773] (vesc_msgs) StdoutLine: {'line': b'-- Detecting CXX compile features\n'}
[0.905212] (vesc_msgs) StdoutLine: {'line': b'-- Detecting CXX compile features - done\n'}
[0.905421] (vesc_msgs) StdoutLine: {'line': b'-- Found ament_cmake_auto: 2.7.3 (/opt/ros/kilted/share/ament_cmake_auto/cmake)\n'}
[0.999322] (vesc_msgs) StdoutLine: {'line': b'-- Found Python3: /usr/bin/python3 (found version "3.12.3") found components: Interpreter \n'}
[1.002756] (-) TimerEvent: {}
[1.103082] (-) TimerEvent: {}
[1.142770] (vesc_msgs) StdoutLine: {'line': b'-- Override CMake install command with custom implementation using symlinks instead of copying resources\n'}
[1.203191] (-) TimerEvent: {}
[1.306189] (-) TimerEvent: {}
[1.406561] (-) TimerEvent: {}
[1.417538] (vesc_msgs) StdoutLine: {'line': b'-- Using all available rosidl_typesupport_c: rosidl_typesupport_fastrtps_c;rosidl_typesupport_introspection_c\n'}
[1.506692] (-) TimerEvent: {}
[1.510957] (vesc_msgs) StdoutLine: {'line': b'-- Using all available rosidl_typesupport_cpp: rosidl_typesupport_fastrtps_cpp;rosidl_typesupport_introspection_cpp\n'}
[1.591454] (vesc_msgs) StdoutLine: {'line': b'-- Found rosidl_adapter: 4.9.5 (/opt/ros/kilted/share/rosidl_adapter/cmake)\n'}
[1.606860] (-) TimerEvent: {}
[1.709966] (-) TimerEvent: {}
[1.811956] (-) TimerEvent: {}
[1.912898] (-) TimerEvent: {}
[2.013289] (-) TimerEvent: {}
[2.113665] (-) TimerEvent: {}
[2.214085] (-) TimerEvent: {}
[2.314453] (-) TimerEvent: {}
[2.414831] (-) TimerEvent: {}
[2.516899] (-) TimerEvent: {}
[2.617402] (-) TimerEvent: {}
[2.674834] (ackermann_teleop) Command: {'cmd': ['/usr/bin/python3', '-W', 'ignore:setup.py install is deprecated', '-W', 'ignore:easy_install command is deprecated', 'setup.py', 'develop', '--editable', '--build-directory', '/home/pi/ros2_ws/build/ackermann_teleop/build', '--no-deps', 'symlink_data'], 'cwd': '/home/pi/ros2_ws/build/ackermann_teleop', 'env': {'LESSOPEN': '| /usr/bin/lesspipe %s', 'USER': 'pi', 'GZ_CONFIG_PATH': '/opt/ros/kilted/opt/sdformat_vendor/share/gz', 'XDG_SESSION_TYPE': 'wayland', 'CLUTTER_DISABLE_MIPMAPPED_TEXT': '1', 'SHLVL': '1', 'LD_LIBRARY_PATH': '/home/pi/ros2_ws/install/vesc_driver/lib:/home/pi/ros2_ws/install/vesc_msgs/lib:/opt/ros/kilted/opt/zenoh_cpp_vendor/lib:/opt/ros/kilted/opt/sdformat_vendor/lib:/opt/ros/kilted/opt/gz_math_vendor/lib:/opt/ros/kilted/opt/gz_utils_vendor/lib:/opt/ros/kilted/opt/rviz_ogre_vendor/lib:/opt/ros/kilted/lib/aarch64-linux-gnu:/opt/ros/kilted/opt/gz_tools_vendor/lib:/opt/ros/kilted/opt/gz_cmake_vendor/lib:/opt/ros/kilted/lib', 'HOME': '/home/pi', 'OLDPWD': '/home/pi/ros2_ws/src', 'DESKTOP_SESSION': 'ubuntu', 'ROS_PYTHON_VERSION': '3', 'GNOME_SHELL_SESSION_MODE': 'ubuntu', 'GTK_MODULES': 'gail:atk-bridge', 'SYSTEMD_EXEC_PID': '2195', 'GSM_SKIP_SSH_AGENT_WORKAROUND': 'true', 'DBUS_SESSION_BUS_ADDRESS': 'unix:path=/run/user/1000/bus', 'COLORTERM': 'truecolor', 'DEBUGINFOD_URLS': 'https://debuginfod.ubuntu.com', 'IM_CONFIG_PHASE': '1', 'WAYLAND_DISPLAY': 'wayland-0', 'COLCON_PREFIX_PATH': '/home/pi/ros2_ws/install', 'ROS_DISTRO': 'kilted', 'LOGNAME': 'pi', '_': '/usr/bin/colcon', 'ROS_VERSION': '2', 'MEMORY_PRESSURE_WATCH': '/sys/fs/cgroup/user.slice/user-1000.slice/user@1000.service/session.slice/org.gnome.Shell@wayland.service/memory.pressure', 'XDG_SESSION_CLASS': 'user', 'USERNAME': 'pi', 'TERM': 'xterm-256color', 'GNOME_DESKTOP_SESSION_ID': 'this-is-deprecated', 'PATH': '/opt/ros/kilted/opt/gz_tools_vendor/bin:/opt/ros/kilted/bin:/usr/local/sbin:/usr/local/bin:/usr/sbin:/usr/bin:/sbin:/bin:/usr/games:/usr/local/games:/snap/bin:/snap/bin', 'SESSION_MANAGER': 'local/pi-desktop:@/tmp/.ICE-unix/2158,unix/pi-desktop:/tmp/.ICE-unix/2158', 'XDG_MENU_PREFIX': 'gnome-', 'GNOME_TERMINAL_SCREEN': '/org/gnome/Terminal/screen/b6060ff1_b4c0_4e7e_98da_2ab95f683da2', 'GNOME_SETUP_DISPLAY': ':1', 'XDG_RUNTIME_DIR': '/run/user/1000', 'DISPLAY': ':0', 'LANG': 'C.UTF-8', 'XDG_CURRENT_DESKTOP': 'ubuntu:GNOME', 'XMODIFIERS': '@im=ibus', 'XDG_SESSION_DESKTOP': 'ubuntu', 'XAUTHORITY': '/run/user/1000/.mutter-Xwaylandauth.GK01I3', 'LS_COLORS': 'rs=0:di=01;34:ln=01;36:mh=00:pi=40;33:so=01;35:do=01;35:bd=40;33;01:cd=40;33;01:or=40;31;01:mi=00:su=37;41:sg=30;43:ca=00:tw=30;42:ow=34;42:st=37;44:ex=01;32:*.tar=01;31:*.tgz=01;31:*.arc=01;31:*.arj=01;31:*.taz=01;31:*.lha=01;31:*.lz4=01;31:*.lzh=01;31:*.lzma=01;31:*.tlz=01;31:*.txz=01;31:*.tzo=01;31:*.t7z=01;31:*.zip=01;31:*.z=01;31:*.dz=01;31:*.gz=01;31:*.lrz=01;31:*.lz=01;31:*.lzo=01;31:*.xz=01;31:*.zst=01;31:*.tzst=01;31:*.bz2=01;31:*.bz=01;31:*.tbz=01;31:*.tbz2=01;31:*.tz=01;31:*.deb=01;31:*.rpm=01;31:*.jar=01;31:*.war=01;31:*.ear=01;31:*.sar=01;31:*.rar=01;31:*.alz=01;31:*.ace=01;31:*.zoo=01;31:*.cpio=01;31:*.7z=01;31:*.rz=01;31:*.cab=01;31:*.wim=01;31:*.swm=01;31:*.dwm=01;31:*.esd=01;31:*.avif=01;35:*.jpg=01;35:*.jpeg=01;35:*.mjpg=01;35:*.mjpeg=01;35:*.gif=01;35:*.bmp=01;35:*.pbm=01;35:*.pgm=01;35:*.ppm=01;35:*.tga=01;35:*.xbm=01;35:*.xpm=01;35:*.tif=01;35:*.tiff=01;35:*.png=01;35:*.svg=01;35:*.svgz=01;35:*.mng=01;35:*.pcx=01;35:*.mov=01;35:*.mpg=01;35:*.mpeg=01;35:*.m2v=01;35:*.mkv=01;35:*.webm=01;35:*.webp=01;35:*.ogm=01;35:*.mp4=01;35:*.m4v=01;35:*.mp4v=01;35:*.vob=01;35:*.qt=01;35:*.nuv=01;35:*.wmv=01;35:*.asf=01;35:*.rm=01;35:*.rmvb=01;35:*.flc=01;35:*.avi=01;35:*.fli=01;35:*.flv=01;35:*.gl=01;35:*.dl=01;35:*.xcf=01;35:*.xwd=01;35:*.yuv=01;35:*.cgm=01;35:*.emf=01;35:*.ogv=01;35:*.ogx=01;35:*.aac=00;36:*.au=00;36:*.flac=00;36:*.m4a=00;36:*.mid=00;36:*.midi=00;36:*.mka=00;36:*.mp3=00;36:*.mpc=00;36:*.ogg=00;36:*.ra=00;36:*.wav=00;36:*.oga=00;36:*.opus=00;36:*.spx=00;36:*.xspf=00;36:*~=00;90:*#=00;90:*.bak=00;90:*.crdownload=00;90:*.dpkg-dist=00;90:*.dpkg-new=00;90:*.dpkg-old=00;90:*.dpkg-tmp=00;90:*.old=00;90:*.orig=00;90:*.part=00;90:*.rej=00;90:*.rpmnew=00;90:*.rpmorig=00;90:*.rpmsave=00;90:*.swp=00;90:*.tmp=00;90:*.ucf-dist=00;90:*.ucf-new=00;90:*.ucf-old=00;90:', 'GNOME_TERMINAL_SERVICE': ':1.100', 'SSH_AUTH_SOCK': '/run/user/1000/keyring/ssh', 'ROS_DOMAIN_ID': '1', 'AMENT_PREFIX_PATH': '/home/pi/ros2_ws/install/vesc:/home/pi/ros2_ws/install/vesc_driver:/home/pi/ros2_ws/install/vesc_msgs:/home/pi/ros2_ws/install/drive:/opt/ros/kilted', 'SHELL': '/bin/bash', 'QT_ACCESSIBILITY': '1', 'GDMSESSION': 'ubuntu', 'LESSCLOSE': '/usr/bin/lesspipe %s %s', 'ROS_AUTOMATIC_DISCOVERY_RANGE': 'SUBNET', 'QT_IM_MODULE': 'ibus', 'PWD': '/home/pi/ros2_ws/build/ackermann_teleop', 'XDG_CONFIG_DIRS': '/etc/xdg/xdg-ubuntu:/etc/xdg', 'XDG_DATA_DIRS': '/usr/share/ubuntu:/usr/share/gnome:/usr/local/share/:/usr/share/:/var/lib/snapd/desktop', 'PYTHONPATH': '/home/pi/ros2_ws/build/ackermann_teleop/prefix_override:/usr/lib/python3/dist-packages/colcon_core/task/python/colcon_distutils_commands:/home/pi/ros2_ws/install/ackermann_teleop/lib/python3.12/site-packages:/home/pi/ros2_ws/install/vesc_msgs/lib/python3.12/site-packages:/home/pi/ros2_ws/install/drive/lib/python3.12/site-packages:/opt/ros/kilted/lib/python3.12/site-packages', 'COLCON': '1', 'MEMORY_PRESSURE_WRITE': 'c29tZSAyMDAwMDAgMjAwMDAwMAA=', 'VTE_VERSION': '7600', 'CMAKE_PREFIX_PATH': '/home/pi/ros2_ws/install/vesc:/home/pi/ros2_ws/install/vesc_driver:/home/pi/ros2_ws/install/vesc_msgs:/opt/ros/kilted/opt/sdformat_vendor:/opt/ros/kilted/opt/gz_math_vendor:/opt/ros/kilted/opt/gz_utils_vendor:/opt/ros/kilted/opt/gz_tools_vendor:/opt/ros/kilted/opt/gz_cmake_vendor'}, 'shell': False}
[2.718940] (-) TimerEvent: {}
[2.798704] (ackermann_vesc_adapter) Command: {'cmd': ['/usr/bin/python3', '-W', 'ignore:setup.py install is deprecated', '-W', 'ignore:easy_install command is deprecated', 'setup.py', 'develop', '--editable', '--build-directory', '/home/pi/ros2_ws/build/ackermann_vesc_adapter/build', '--no-deps', 'symlink_data'], 'cwd': '/home/pi/ros2_ws/build/ackermann_vesc_adapter', 'env': {'LESSOPEN': '| /usr/bin/lesspipe %s', 'USER': 'pi', 'GZ_CONFIG_PATH': '/opt/ros/kilted/opt/sdformat_vendor/share/gz', 'XDG_SESSION_TYPE': 'wayland', 'CLUTTER_DISABLE_MIPMAPPED_TEXT': '1', 'SHLVL': '1', 'LD_LIBRARY_PATH': '/home/pi/ros2_ws/install/vesc_driver/lib:/home/pi/ros2_ws/install/vesc_msgs/lib:/opt/ros/kilted/opt/zenoh_cpp_vendor/lib:/opt/ros/kilted/opt/sdformat_vendor/lib:/opt/ros/kilted/opt/gz_math_vendor/lib:/opt/ros/kilted/opt/gz_utils_vendor/lib:/opt/ros/kilted/opt/rviz_ogre_vendor/lib:/opt/ros/kilted/lib/aarch64-linux-gnu:/opt/ros/kilted/opt/gz_tools_vendor/lib:/opt/ros/kilted/opt/gz_cmake_vendor/lib:/opt/ros/kilted/lib', 'HOME': '/home/pi', 'OLDPWD': '/home/pi/ros2_ws/src', 'DESKTOP_SESSION': 'ubuntu', 'ROS_PYTHON_VERSION': '3', 'GNOME_SHELL_SESSION_MODE': 'ubuntu', 'GTK_MODULES': 'gail:atk-bridge', 'SYSTEMD_EXEC_PID': '2195', 'GSM_SKIP_SSH_AGENT_WORKAROUND': 'true', 'DBUS_SESSION_BUS_ADDRESS': 'unix:path=/run/user/1000/bus', 'COLORTERM': 'truecolor', 'DEBUGINFOD_URLS': 'https://debuginfod.ubuntu.com', 'IM_CONFIG_PHASE': '1', 'WAYLAND_DISPLAY': 'wayland-0', 'COLCON_PREFIX_PATH': '/home/pi/ros2_ws/install', 'ROS_DISTRO': 'kilted', 'LOGNAME': 'pi', '_': '/usr/bin/colcon', 'ROS_VERSION': '2', 'MEMORY_PRESSURE_WATCH': '/sys/fs/cgroup/user.slice/user-1000.slice/user@1000.service/session.slice/org.gnome.Shell@wayland.service/memory.pressure', 'XDG_SESSION_CLASS': 'user', 'USERNAME': 'pi', 'TERM': 'xterm-256color', 'GNOME_DESKTOP_SESSION_ID': 'this-is-deprecated', 'PATH': '/opt/ros/kilted/opt/gz_tools_vendor/bin:/opt/ros/kilted/bin:/usr/local/sbin:/usr/local/bin:/usr/sbin:/usr/bin:/sbin:/bin:/usr/games:/usr/local/games:/snap/bin:/snap/bin', 'SESSION_MANAGER': 'local/pi-desktop:@/tmp/.ICE-unix/2158,unix/pi-desktop:/tmp/.ICE-unix/2158', 'XDG_MENU_PREFIX': 'gnome-', 'GNOME_TERMINAL_SCREEN': '/org/gnome/Terminal/screen/b6060ff1_b4c0_4e7e_98da_2ab95f683da2', 'GNOME_SETUP_DISPLAY': ':1', 'XDG_RUNTIME_DIR': '/run/user/1000', 'DISPLAY': ':0', 'LANG': 'C.UTF-8', 'XDG_CURRENT_DESKTOP': 'ubuntu:GNOME', 'XMODIFIERS': '@im=ibus', 'XDG_SESSION_DESKTOP': 'ubuntu', 'XAUTHORITY': '/run/user/1000/.mutter-Xwaylandauth.GK01I3', 'LS_COLORS': 'rs=0:di=01;34:ln=01;36:mh=00:pi=40;33:so=01;35:do=01;35:bd=40;33;01:cd=40;33;01:or=40;31;01:mi=00:su=37;41:sg=30;43:ca=00:tw=30;42:ow=34;42:st=37;44:ex=01;32:*.tar=01;31:*.tgz=01;31:*.arc=01;31:*.arj=01;31:*.taz=01;31:*.lha=01;31:*.lz4=01;31:*.lzh=01;31:*.lzma=01;31:*.tlz=01;31:*.txz=01;31:*.tzo=01;31:*.t7z=01;31:*.zip=01;31:*.z=01;31:*.dz=01;31:*.gz=01;31:*.lrz=01;31:*.lz=01;31:*.lzo=01;31:*.xz=01;31:*.zst=01;31:*.tzst=01;31:*.bz2=01;31:*.bz=01;31:*.tbz=01;31:*.tbz2=01;31:*.tz=01;31:*.deb=01;31:*.rpm=01;31:*.jar=01;31:*.war=01;31:*.ear=01;31:*.sar=01;31:*.rar=01;31:*.alz=01;31:*.ace=01;31:*.zoo=01;31:*.cpio=01;31:*.7z=01;31:*.rz=01;31:*.cab=01;31:*.wim=01;31:*.swm=01;31:*.dwm=01;31:*.esd=01;31:*.avif=01;35:*.jpg=01;35:*.jpeg=01;35:*.mjpg=01;35:*.mjpeg=01;35:*.gif=01;35:*.bmp=01;35:*.pbm=01;35:*.pgm=01;35:*.ppm=01;35:*.tga=01;35:*.xbm=01;35:*.xpm=01;35:*.tif=01;35:*.tiff=01;35:*.png=01;35:*.svg=01;35:*.svgz=01;35:*.mng=01;35:*.pcx=01;35:*.mov=01;35:*.mpg=01;35:*.mpeg=01;35:*.m2v=01;35:*.mkv=01;35:*.webm=01;35:*.webp=01;35:*.ogm=01;35:*.mp4=01;35:*.m4v=01;35:*.mp4v=01;35:*.vob=01;35:*.qt=01;35:*.nuv=01;35:*.wmv=01;35:*.asf=01;35:*.rm=01;35:*.rmvb=01;35:*.flc=01;35:*.avi=01;35:*.fli=01;35:*.flv=01;35:*.gl=01;35:*.dl=01;35:*.xcf=01;35:*.xwd=01;35:*.yuv=01;35:*.cgm=01;35:*.emf=01;35:*.ogv=01;35:*.ogx=01;35:*.aac=00;36:*.au=00;36:*.flac=00;36:*.m4a=00;36:*.mid=00;36:*.midi=00;36:*.mka=00;36:*.mp3=00;36:*.mpc=00;36:*.ogg=00;36:*.ra=00;36:*.wav=00;36:*.oga=00;36:*.opus=00;36:*.spx=00;36:*.xspf=00;36:*~=00;90:*#=00;90:*.bak=00;90:*.crdownload=00;90:*.dpkg-dist=00;90:*.dpkg-new=00;90:*.dpkg-old=00;90:*.dpkg-tmp=00;90:*.old=00;90:*.orig=00;90:*.part=00;90:*.rej=00;90:*.rpmnew=00;90:*.rpmorig=00;90:*.rpmsave=00;90:*.swp=00;90:*.tmp=00;90:*.ucf-dist=00;90:*.ucf-new=00;90:*.ucf-old=00;90:', 'GNOME_TERMINAL_SERVICE': ':1.100', 'SSH_AUTH_SOCK': '/run/user/1000/keyring/ssh', 'ROS_DOMAIN_ID': '1', 'AMENT_PREFIX_PATH': '/home/pi/ros2_ws/install/vesc:/home/pi/ros2_ws/install/vesc_driver:/home/pi/ros2_ws/install/vesc_msgs:/home/pi/ros2_ws/install/drive:/opt/ros/kilted', 'SHELL': '/bin/bash', 'QT_ACCESSIBILITY': '1', 'GDMSESSION': 'ubuntu', 'LESSCLOSE': '/usr/bin/lesspipe %s %s', 'ROS_AUTOMATIC_DISCOVERY_RANGE': 'SUBNET', 'QT_IM_MODULE': 'ibus', 'PWD': '/home/pi/ros2_ws/build/ackermann_vesc_adapter', 'XDG_CONFIG_DIRS': '/etc/xdg/xdg-ubuntu:/etc/xdg', 'XDG_DATA_DIRS': '/usr/share/ubuntu:/usr/share/gnome:/usr/local/share/:/usr/share/:/var/lib/snapd/desktop', 'PYTHONPATH': '/home/pi/ros2_ws/build/ackermann_vesc_adapter/prefix_override:/usr/lib/python3/dist-packages/colcon_core/task/python/colcon_distutils_commands:/home/pi/ros2_ws/install/ackermann_vesc_adapter/lib/python3.12/site-packages:/home/pi/ros2_ws/install/vesc_msgs/lib/python3.12/site-packages:/home/pi/ros2_ws/install/drive/lib/python3.12/site-packages:/opt/ros/kilted/lib/python3.12/site-packages', 'COLCON': '1', 'MEMORY_PRESSURE_WRITE': 'c29tZSAyMDAwMDAgMjAwMDAwMAA=', 'VTE_VERSION': '7600', 'CMAKE_PREFIX_PATH': '/home/pi/ros2_ws/install/vesc:/home/pi/ros2_ws/install/vesc_driver:/home/pi/ros2_ws/install/vesc_msgs:/opt/ros/kilted/opt/sdformat_vendor:/opt/ros/kilted/opt/gz_math_vendor:/opt/ros/kilted/opt/gz_utils_vendor:/opt/ros/kilted/opt/gz_tools_vendor:/opt/ros/kilted/opt/gz_cmake_vendor'}, 'shell': False}
[2.824047] (-) TimerEvent: {}
[2.928300] (-) TimerEvent: {}
[3.033950] (-) TimerEvent: {}
[3.101018] (drive) Command: {'cmd': ['/usr/bin/python3', '-W', 'ignore:setup.py install is deprecated', '-W', 'ignore:easy_install command is deprecated', 'setup.py', 'develop', '--editable', '--build-directory', '/home/pi/ros2_ws/build/drive/build', '--no-deps', 'symlink_data'], 'cwd': '/home/pi/ros2_ws/build/drive', 'env': {'LESSOPEN': '| /usr/bin/lesspipe %s', 'USER': 'pi', 'GZ_CONFIG_PATH': '/opt/ros/kilted/opt/sdformat_vendor/share/gz', 'XDG_SESSION_TYPE': 'wayland', 'CLUTTER_DISABLE_MIPMAPPED_TEXT': '1', 'SHLVL': '1', 'LD_LIBRARY_PATH': '/home/pi/ros2_ws/install/vesc_driver/lib:/home/pi/ros2_ws/install/vesc_msgs/lib:/opt/ros/kilted/opt/zenoh_cpp_vendor/lib:/opt/ros/kilted/opt/sdformat_vendor/lib:/opt/ros/kilted/opt/gz_math_vendor/lib:/opt/ros/kilted/opt/gz_utils_vendor/lib:/opt/ros/kilted/opt/rviz_ogre_vendor/lib:/opt/ros/kilted/lib/aarch64-linux-gnu:/opt/ros/kilted/opt/gz_tools_vendor/lib:/opt/ros/kilted/opt/gz_cmake_vendor/lib:/opt/ros/kilted/lib', 'HOME': '/home/pi', 'OLDPWD': '/home/pi/ros2_ws/src', 'DESKTOP_SESSION': 'ubuntu', 'ROS_PYTHON_VERSION': '3', 'GNOME_SHELL_SESSION_MODE': 'ubuntu', 'GTK_MODULES': 'gail:atk-bridge', 'SYSTEMD_EXEC_PID': '2195', 'GSM_SKIP_SSH_AGENT_WORKAROUND': 'true', 'DBUS_SESSION_BUS_ADDRESS': 'unix:path=/run/user/1000/bus', 'COLORTERM': 'truecolor', 'DEBUGINFOD_URLS': 'https://debuginfod.ubuntu.com', 'IM_CONFIG_PHASE': '1', 'WAYLAND_DISPLAY': 'wayland-0', 'COLCON_PREFIX_PATH': '/home/pi/ros2_ws/install', 'ROS_DISTRO': 'kilted', 'LOGNAME': 'pi', '_': '/usr/bin/colcon', 'ROS_VERSION': '2', 'MEMORY_PRESSURE_WATCH': '/sys/fs/cgroup/user.slice/user-1000.slice/user@1000.service/session.slice/org.gnome.Shell@wayland.service/memory.pressure', 'XDG_SESSION_CLASS': 'user', 'USERNAME': 'pi', 'TERM': 'xterm-256color', 'GNOME_DESKTOP_SESSION_ID': 'this-is-deprecated', 'PATH': '/opt/ros/kilted/opt/gz_tools_vendor/bin:/opt/ros/kilted/bin:/usr/local/sbin:/usr/local/bin:/usr/sbin:/usr/bin:/sbin:/bin:/usr/games:/usr/local/games:/snap/bin:/snap/bin', 'SESSION_MANAGER': 'local/pi-desktop:@/tmp/.ICE-unix/2158,unix/pi-desktop:/tmp/.ICE-unix/2158', 'XDG_MENU_PREFIX': 'gnome-', 'GNOME_TERMINAL_SCREEN': '/org/gnome/Terminal/screen/b6060ff1_b4c0_4e7e_98da_2ab95f683da2', 'GNOME_SETUP_DISPLAY': ':1', 'XDG_RUNTIME_DIR': '/run/user/1000', 'DISPLAY': ':0', 'LANG': 'C.UTF-8', 'XDG_CURRENT_DESKTOP': 'ubuntu:GNOME', 'XMODIFIERS': '@im=ibus', 'XDG_SESSION_DESKTOP': 'ubuntu', 'XAUTHORITY': '/run/user/1000/.mutter-Xwaylandauth.GK01I3', 'LS_COLORS': 'rs=0:di=01;34:ln=01;36:mh=00:pi=40;33:so=01;35:do=01;35:bd=40;33;01:cd=40;33;01:or=40;31;01:mi=00:su=37;41:sg=30;43:ca=00:tw=30;42:ow=34;42:st=37;44:ex=01;32:*.tar=01;31:*.tgz=01;31:*.arc=01;31:*.arj=01;31:*.taz=01;31:*.lha=01;31:*.lz4=01;31:*.lzh=01;31:*.lzma=01;31:*.tlz=01;31:*.txz=01;31:*.tzo=01;31:*.t7z=01;31:*.zip=01;31:*.z=01;31:*.dz=01;31:*.gz=01;31:*.lrz=01;31:*.lz=01;31:*.lzo=01;31:*.xz=01;31:*.zst=01;31:*.tzst=01;31:*.bz2=01;31:*.bz=01;31:*.tbz=01;31:*.tbz2=01;31:*.tz=01;31:*.deb=01;31:*.rpm=01;31:*.jar=01;31:*.war=01;31:*.ear=01;31:*.sar=01;31:*.rar=01;31:*.alz=01;31:*.ace=01;31:*.zoo=01;31:*.cpio=01;31:*.7z=01;31:*.rz=01;31:*.cab=01;31:*.wim=01;31:*.swm=01;31:*.dwm=01;31:*.esd=01;31:*.avif=01;35:*.jpg=01;35:*.jpeg=01;35:*.mjpg=01;35:*.mjpeg=01;35:*.gif=01;35:*.bmp=01;35:*.pbm=01;35:*.pgm=01;35:*.ppm=01;35:*.tga=01;35:*.xbm=01;35:*.xpm=01;35:*.tif=01;35:*.tiff=01;35:*.png=01;35:*.svg=01;35:*.svgz=01;35:*.mng=01;35:*.pcx=01;35:*.mov=01;35:*.mpg=01;35:*.mpeg=01;35:*.m2v=01;35:*.mkv=01;35:*.webm=01;35:*.webp=01;35:*.ogm=01;35:*.mp4=01;35:*.m4v=01;35:*.mp4v=01;35:*.vob=01;35:*.qt=01;35:*.nuv=01;35:*.wmv=01;35:*.asf=01;35:*.rm=01;35:*.rmvb=01;35:*.flc=01;35:*.avi=01;35:*.fli=01;35:*.flv=01;35:*.gl=01;35:*.dl=01;35:*.xcf=01;35:*.xwd=01;35:*.yuv=01;35:*.cgm=01;35:*.emf=01;35:*.ogv=01;35:*.ogx=01;35:*.aac=00;36:*.au=00;36:*.flac=00;36:*.m4a=00;36:*.mid=00;36:*.midi=00;36:*.mka=00;36:*.mp3=00;36:*.mpc=00;36:*.ogg=00;36:*.ra=00;36:*.wav=00;36:*.oga=00;36:*.opus=00;36:*.spx=00;36:*.xspf=00;36:*~=00;90:*#=00;90:*.bak=00;90:*.crdownload=00;90:*.dpkg-dist=00;90:*.dpkg-new=00;90:*.dpkg-old=00;90:*.dpkg-tmp=00;90:*.old=00;90:*.orig=00;90:*.part=00;90:*.rej=00;90:*.rpmnew=00;90:*.rpmorig=00;90:*.rpmsave=00;90:*.swp=00;90:*.tmp=00;90:*.ucf-dist=00;90:*.ucf-new=00;90:*.ucf-old=00;90:', 'GNOME_TERMINAL_SERVICE': ':1.100', 'SSH_AUTH_SOCK': '/run/user/1000/keyring/ssh', 'ROS_DOMAIN_ID': '1', 'AMENT_PREFIX_PATH': '/home/pi/ros2_ws/install/vesc:/home/pi/ros2_ws/install/vesc_driver:/home/pi/ros2_ws/install/vesc_msgs:/home/pi/ros2_ws/install/drive:/opt/ros/kilted', 'SHELL': '/bin/bash', 'QT_ACCESSIBILITY': '1', 'GDMSESSION': 'ubuntu', 'LESSCLOSE': '/usr/bin/lesspipe %s %s', 'ROS_AUTOMATIC_DISCOVERY_RANGE': 'SUBNET', 'QT_IM_MODULE': 'ibus', 'PWD': '/home/pi/ros2_ws/build/drive', 'XDG_CONFIG_DIRS': '/etc/xdg/xdg-ubuntu:/etc/xdg', 'XDG_DATA_DIRS': '/usr/share/ubuntu:/usr/share/gnome:/usr/local/share/:/usr/share/:/var/lib/snapd/desktop', 'PYTHONPATH': '/home/pi/ros2_ws/build/drive/prefix_override:/usr/lib/python3/dist-packages/colcon_core/task/python/colcon_distutils_commands:/home/pi/ros2_ws/install/drive/lib/python3.12/site-packages:/home/pi/ros2_ws/install/vesc_msgs/lib/python3.12/site-packages:/home/pi/ros2_ws/install/drive/lib/python3.12/site-packages:/opt/ros/kilted/lib/python3.12/site-packages', 'COLCON': '1', 'MEMORY_PRESSURE_WRITE': 'c29tZSAyMDAwMDAgMjAwMDAwMAA=', 'VTE_VERSION': '7600', 'CMAKE_PREFIX_PATH': '/home/pi/ros2_ws/install/vesc:/home/pi/ros2_ws/install/vesc_driver:/home/pi/ros2_ws/install/vesc_msgs:/opt/ros/kilted/opt/sdformat_vendor:/opt/ros/kilted/opt/gz_math_vendor:/opt/ros/kilted/opt/gz_utils_vendor:/opt/ros/kilted/opt/gz_tools_vendor:/opt/ros/kilted/opt/gz_cmake_vendor'}, 'shell': False}
[3.137893] (-) TimerEvent: {}
[3.233502] (vesc_msgs) StdoutLine: {'line': b'-- Found ament_cmake_ros_core: 0.14.3 (/opt/ros/kilted/share/ament_cmake_ros_core/cmake)\n'}
[3.238022] (-) TimerEvent: {}
[3.338517] (-) TimerEvent: {}
[3.439117] (-) TimerEvent: {}
[3.542663] (-) TimerEvent: {}
[3.643291] (-) TimerEvent: {}
[3.745882] (-) TimerEvent: {}
[3.846257] (-) TimerEvent: {}
[3.848984] (ackermann_teleop) StdoutLine: {'line': b'running develop\n'}
[3.948060] (-) TimerEvent: {}
[3.954226] (ackermann_vesc_adapter) StdoutLine: {'line': b'running develop\n'}
[4.039791] (drive) StdoutLine: {'line': b'running develop\n'}
[4.048175] (-) TimerEvent: {}
[4.150887] (-) TimerEvent: {}
[4.213428] (ackermann_teleop) StdoutLine: {'line': b'running egg_info\n'}
[4.213736] (ackermann_teleop) StdoutLine: {'line': b'creating ackermann_teleop.egg-info\n'}
[4.246023] (ackermann_teleop) StdoutLine: {'line': b'writing ackermann_teleop.egg-info/PKG-INFO\n'}
[4.249073] (ackermann_teleop) StdoutLine: {'line': b'writing dependency_links to ackermann_teleop.egg-info/dependency_links.txt\n'}
[4.249307] (ackermann_teleop) StdoutLine: {'line': b'writing entry points to ackermann_teleop.egg-info/entry_points.txt\n'}
[4.249400] (ackermann_teleop) StdoutLine: {'line': b'writing requirements to ackermann_teleop.egg-info/requires.txt\n'}
[4.249483] (ackermann_teleop) StdoutLine: {'line': b'writing top-level names to ackermann_teleop.egg-info/top_level.txt\n'}
[4.249563] (ackermann_teleop) StdoutLine: {'line': b"writing manifest file 'ackermann_teleop.egg-info/SOURCES.txt'\n"}
[4.250976] (-) TimerEvent: {}
[4.317615] (ackermann_vesc_adapter) StdoutLine: {'line': b'running egg_info\n'}
[4.317895] (ackermann_vesc_adapter) StdoutLine: {'line': b'creating ackermann_vesc_adapter.egg-info\n'}
[4.320002] (ackermann_teleop) StdoutLine: {'line': b"reading manifest file 'ackermann_teleop.egg-info/SOURCES.txt'\n"}
[4.321145] (ackermann_teleop) StdoutLine: {'line': b"writing manifest file 'ackermann_teleop.egg-info/SOURCES.txt'\n"}
[4.349712] (ackermann_vesc_adapter) StdoutLine: {'line': b'writing ackermann_vesc_adapter.egg-info/PKG-INFO\n'}
[4.350237] (ackermann_vesc_adapter) StdoutLine: {'line': b'writing dependency_links to ackermann_vesc_adapter.egg-info/dependency_links.txt\n'}
[4.350532] (ackermann_vesc_adapter) StdoutLine: {'line': b'writing entry points to ackermann_vesc_adapter.egg-info/entry_points.txt\n'}
[4.350784] (ackermann_vesc_adapter) StdoutLine: {'line': b'writing requirements to ackermann_vesc_adapter.egg-info/requires.txt\n'}
[4.351018] (ackermann_vesc_adapter) StdoutLine: {'line': b'writing top-level names to ackermann_vesc_adapter.egg-info/top_level.txt\n'}
[4.351138] (-) TimerEvent: {}
[4.351333] (ackermann_vesc_adapter) StdoutLine: {'line': b"writing manifest file 'ackermann_vesc_adapter.egg-info/SOURCES.txt'\n"}
[4.360260] (ackermann_teleop) StdoutLine: {'line': b'running build_ext\n'}
[4.362542] (ackermann_teleop) StdoutLine: {'line': b'Creating /home/pi/ros2_ws/install/ackermann_teleop/lib/python3.12/site-packages/ackermann-teleop.egg-link (link to .)\n'}
[4.363245] (ackermann_teleop) StdoutLine: {'line': b'Installing keyboard_teleop script to /home/pi/ros2_ws/install/ackermann_teleop/lib/ackermann_teleop\n'}
[4.365916] (ackermann_teleop) StdoutLine: {'line': b'\n'}
[4.366354] (ackermann_teleop) StdoutLine: {'line': b'Installed /home/pi/ros2_ws/build/ackermann_teleop\n'}
[4.366479] (ackermann_teleop) StdoutLine: {'line': b'running symlink_data\n'}
[4.366622] (ackermann_teleop) StdoutLine: {'line': b'creating /home/pi/ros2_ws/install/ackermann_teleop/share/ament_index\n'}
[4.366755] (ackermann_teleop) StdoutLine: {'line': b'creating /home/pi/ros2_ws/install/ackermann_teleop/share/ament_index/resource_index\n'}
[4.367063] (ackermann_teleop) StdoutLine: {'line': b'creating /home/pi/ros2_ws/install/ackermann_teleop/share/ament_index/resource_index/packages\n'}
[4.367267] (ackermann_teleop) StdoutLine: {'line': b'symbolically linking /home/pi/ros2_ws/build/ackermann_teleop/resource/ackermann_teleop -> /home/pi/ros2_ws/install/ackermann_teleop/share/ament_index/resource_index/packages\n'}
[4.367409] (ackermann_teleop) StdoutLine: {'line': b'symbolically linking /home/pi/ros2_ws/build/ackermann_teleop/package.xml -> /home/pi/ros2_ws/install/ackermann_teleop/share/ackermann_teleop\n'}
[4.419959] (drive) StdoutLine: {'line': b'running egg_info\n'}
[4.420247] (drive) StdoutLine: {'line': b'creating drive.egg-info\n'}
[4.440367] (vesc_msgs) StdoutLine: {'line': b'-- Using all available rosidl_typesupport_c: rosidl_typesupport_fastrtps_c;rosidl_typesupport_introspection_c\n'}
[4.453011] (ackermann_vesc_adapter) StdoutLine: {'line': b"reading manifest file 'ackermann_vesc_adapter.egg-info/SOURCES.txt'\n"}
[4.453363] (-) TimerEvent: {}
[4.453565] (ackermann_vesc_adapter) StdoutLine: {'line': b"writing manifest file 'ackermann_vesc_adapter.egg-info/SOURCES.txt'\n"}
[4.463598] (drive) StdoutLine: {'line': b'writing drive.egg-info/PKG-INFO\n'}
[4.464770] (drive) StdoutLine: {'line': b'writing dependency_links to drive.egg-info/dependency_links.txt\n'}
[4.465571] (drive) StdoutLine: {'line': b'writing entry points to drive.egg-info/entry_points.txt\n'}
[4.466223] (drive) StdoutLine: {'line': b'writing requirements to drive.egg-info/requires.txt\n'}
[4.466856] (drive) StdoutLine: {'line': b'writing top-level names to drive.egg-info/top_level.txt\n'}
[4.467631] (drive) StdoutLine: {'line': b"writing manifest file 'drive.egg-info/SOURCES.txt'\n"}
[4.493504] (ackermann_vesc_adapter) StdoutLine: {'line': b'running build_ext\n'}
[4.493840] (ackermann_vesc_adapter) StdoutLine: {'line': b'Creating /home/pi/ros2_ws/install/ackermann_vesc_adapter/lib/python3.12/site-packages/ackermann-vesc-adapter.egg-link (link to .)\n'}
[4.495662] (ackermann_teleop) CommandEnded: {'returncode': 0}
[4.496395] (ackermann_vesc_adapter) StdoutLine: {'line': b'Installing ackermann_to_vesc script to /home/pi/ros2_ws/install/ackermann_vesc_adapter/lib/ackermann_vesc_adapter\n'}
[4.496588] (ackermann_vesc_adapter) StdoutLine: {'line': b'\n'}
[4.496702] (ackermann_vesc_adapter) StdoutLine: {'line': b'Installed /home/pi/ros2_ws/build/ackermann_vesc_adapter\n'}
[4.496802] (ackermann_vesc_adapter) StdoutLine: {'line': b'running symlink_data\n'}
[4.496942] (ackermann_vesc_adapter) StdoutLine: {'line': b'creating /home/pi/ros2_ws/install/ackermann_vesc_adapter/share/ament_index\n'}
[4.497038] (ackermann_vesc_adapter) StdoutLine: {'line': b'creating /home/pi/ros2_ws/install/ackermann_vesc_adapter/share/ament_index/resource_index\n'}
[4.497124] (ackermann_vesc_adapter) StdoutLine: {'line': b'creating /home/pi/ros2_ws/install/ackermann_vesc_adapter/share/ament_index/resource_index/packages\n'}
[4.497213] (ackermann_vesc_adapter) StdoutLine: {'line': b'symbolically linking /home/pi/ros2_ws/build/ackermann_vesc_adapter/resource/ackermann_vesc_adapter -> /home/pi/ros2_ws/install/ackermann_vesc_adapter/share/ament_index/resource_index/packages\n'}
[4.497306] (ackermann_vesc_adapter) StdoutLine: {'line': b'symbolically linking /home/pi/ros2_ws/build/ackermann_vesc_adapter/package.xml -> /home/pi/ros2_ws/install/ackermann_vesc_adapter/share/ackermann_vesc_adapter\n'}
[4.517497] (ackermann_teleop) JobEnded: {'identifier': 'ackermann_teleop', 'rc': 0}
[4.521316] (gazebo_ackermann_steering_vehicle) JobStarted: {'identifier': 'gazebo_ackermann_steering_vehicle'}
[4.550703] (gazebo_ackermann_steering_vehicle) JobProgress: {'identifier': 'gazebo_ackermann_steering_vehicle', 'progress': 'cmake'}
[4.550896] (gazebo_ackermann_steering_vehicle) Command: {'cmd': ['/usr/bin/cmake', '/home/pi/ros2_ws/src/gazebo_ackermann_steering_vehicle', '-DAMENT_CMAKE_SYMLINK_INSTALL=1', '-DCMAKE_INSTALL_PREFIX=/home/pi/ros2_ws/install/gazebo_ackermann_steering_vehicle'], 'cwd': '/home/pi/ros2_ws/build/gazebo_ackermann_steering_vehicle', 'env': OrderedDict({'LESSOPEN': '| /usr/bin/lesspipe %s', 'USER': 'pi', 'GZ_CONFIG_PATH': '/opt/ros/kilted/opt/sdformat_vendor/share/gz', 'XDG_SESSION_TYPE': 'wayland', 'CLUTTER_DISABLE_MIPMAPPED_TEXT': '1', 'SHLVL': '1', 'LD_LIBRARY_PATH': '/home/pi/ros2_ws/install/vesc_driver/lib:/home/pi/ros2_ws/install/vesc_msgs/lib:/opt/ros/kilted/opt/zenoh_cpp_vendor/lib:/opt/ros/kilted/opt/sdformat_vendor/lib:/opt/ros/kilted/opt/gz_math_vendor/lib:/opt/ros/kilted/opt/gz_utils_vendor/lib:/opt/ros/kilted/opt/rviz_ogre_vendor/lib:/opt/ros/kilted/lib/aarch64-linux-gnu:/opt/ros/kilted/opt/gz_tools_vendor/lib:/opt/ros/kilted/opt/gz_cmake_vendor/lib:/opt/ros/kilted/lib', 'HOME': '/home/pi', 'OLDPWD': '/home/pi/ros2_ws/src', 'DESKTOP_SESSION': 'ubuntu', 'ROS_PYTHON_VERSION': '3', 'GNOME_SHELL_SESSION_MODE': 'ubuntu', 'GTK_MODULES': 'gail:atk-bridge', 'SYSTEMD_EXEC_PID': '2195', 'GSM_SKIP_SSH_AGENT_WORKAROUND': 'true', 'DBUS_SESSION_BUS_ADDRESS': 'unix:path=/run/user/1000/bus', 'COLORTERM': 'truecolor', 'DEBUGINFOD_URLS': 'https://debuginfod.ubuntu.com', 'IM_CONFIG_PHASE': '1', 'WAYLAND_DISPLAY': 'wayland-0', 'COLCON_PREFIX_PATH': '/home/pi/ros2_ws/install', 'ROS_DISTRO': 'kilted', 'LOGNAME': 'pi', '_': '/usr/bin/colcon', 'ROS_VERSION': '2', 'MEMORY_PRESSURE_WATCH': '/sys/fs/cgroup/user.slice/user-1000.slice/user@1000.service/session.slice/org.gnome.Shell@wayland.service/memory.pressure', 'XDG_SESSION_CLASS': 'user', 'USERNAME': 'pi', 'TERM': 'xterm-256color', 'GNOME_DESKTOP_SESSION_ID': 'this-is-deprecated', 'PATH': '/opt/ros/kilted/opt/gz_tools_vendor/bin:/opt/ros/kilted/bin:/usr/local/sbin:/usr/local/bin:/usr/sbin:/usr/bin:/sbin:/bin:/usr/games:/usr/local/games:/snap/bin:/snap/bin', 'SESSION_MANAGER': 'local/pi-desktop:@/tmp/.ICE-unix/2158,unix/pi-desktop:/tmp/.ICE-unix/2158', 'XDG_MENU_PREFIX': 'gnome-', 'GNOME_TERMINAL_SCREEN': '/org/gnome/Terminal/screen/b6060ff1_b4c0_4e7e_98da_2ab95f683da2', 'GNOME_SETUP_DISPLAY': ':1', 'XDG_RUNTIME_DIR': '/run/user/1000', 'DISPLAY': ':0', 'LANG': 'C.UTF-8', 'XDG_CURRENT_DESKTOP': 'ubuntu:GNOME', 'XMODIFIERS': '@im=ibus', 'XDG_SESSION_DESKTOP': 'ubuntu', 'XAUTHORITY': '/run/user/1000/.mutter-Xwaylandauth.GK01I3', 'LS_COLORS': 'rs=0:di=01;34:ln=01;36:mh=00:pi=40;33:so=01;35:do=01;35:bd=40;33;01:cd=40;33;01:or=40;31;01:mi=00:su=37;41:sg=30;43:ca=00:tw=30;42:ow=34;42:st=37;44:ex=01;32:*.tar=01;31:*.tgz=01;31:*.arc=01;31:*.arj=01;31:*.taz=01;31:*.lha=01;31:*.lz4=01;31:*.lzh=01;31:*.lzma=01;31:*.tlz=01;31:*.txz=01;31:*.tzo=01;31:*.t7z=01;31:*.zip=01;31:*.z=01;31:*.dz=01;31:*.gz=01;31:*.lrz=01;31:*.lz=01;31:*.lzo=01;31:*.xz=01;31:*.zst=01;31:*.tzst=01;31:*.bz2=01;31:*.bz=01;31:*.tbz=01;31:*.tbz2=01;31:*.tz=01;31:*.deb=01;31:*.rpm=01;31:*.jar=01;31:*.war=01;31:*.ear=01;31:*.sar=01;31:*.rar=01;31:*.alz=01;31:*.ace=01;31:*.zoo=01;31:*.cpio=01;31:*.7z=01;31:*.rz=01;31:*.cab=01;31:*.wim=01;31:*.swm=01;31:*.dwm=01;31:*.esd=01;31:*.avif=01;35:*.jpg=01;35:*.jpeg=01;35:*.mjpg=01;35:*.mjpeg=01;35:*.gif=01;35:*.bmp=01;35:*.pbm=01;35:*.pgm=01;35:*.ppm=01;35:*.tga=01;35:*.xbm=01;35:*.xpm=01;35:*.tif=01;35:*.tiff=01;35:*.png=01;35:*.svg=01;35:*.svgz=01;35:*.mng=01;35:*.pcx=01;35:*.mov=01;35:*.mpg=01;35:*.mpeg=01;35:*.m2v=01;35:*.mkv=01;35:*.webm=01;35:*.webp=01;35:*.ogm=01;35:*.mp4=01;35:*.m4v=01;35:*.mp4v=01;35:*.vob=01;35:*.qt=01;35:*.nuv=01;35:*.wmv=01;35:*.asf=01;35:*.rm=01;35:*.rmvb=01;35:*.flc=01;35:*.avi=01;35:*.fli=01;35:*.flv=01;35:*.gl=01;35:*.dl=01;35:*.xcf=01;35:*.xwd=01;35:*.yuv=01;35:*.cgm=01;35:*.emf=01;35:*.ogv=01;35:*.ogx=01;35:*.aac=00;36:*.au=00;36:*.flac=00;36:*.m4a=00;36:*.mid=00;36:*.midi=00;36:*.mka=00;36:*.mp3=00;36:*.mpc=00;36:*.ogg=00;36:*.ra=00;36:*.wav=00;36:*.oga=00;36:*.opus=00;36:*.spx=00;36:*.xspf=00;36:*~=00;90:*#=00;90:*.bak=00;90:*.crdownload=00;90:*.dpkg-dist=00;90:*.dpkg-new=00;90:*.dpkg-old=00;90:*.dpkg-tmp=00;90:*.old=00;90:*.orig=00;90:*.part=00;90:*.rej=00;90:*.rpmnew=00;90:*.rpmorig=00;90:*.rpmsave=00;90:*.swp=00;90:*.tmp=00;90:*.ucf-dist=00;90:*.ucf-new=00;90:*.ucf-old=00;90:', 'GNOME_TERMINAL_SERVICE': ':1.100', 'SSH_AUTH_SOCK': '/run/user/1000/keyring/ssh', 'ROS_DOMAIN_ID': '1', 'AMENT_PREFIX_PATH': '/home/pi/ros2_ws/install/vesc:/home/pi/ros2_ws/install/vesc_driver:/home/pi/ros2_ws/install/vesc_msgs:/home/pi/ros2_ws/install/drive:/opt/ros/kilted', 'SHELL': '/bin/bash', 'QT_ACCESSIBILITY': '1', 'GDMSESSION': 'ubuntu', 'LESSCLOSE': '/usr/bin/lesspipe %s %s', 'ROS_AUTOMATIC_DISCOVERY_RANGE': 'SUBNET', 'QT_IM_MODULE': 'ibus', 'PWD': '/home/pi/ros2_ws/build/gazebo_ackermann_steering_vehicle', 'XDG_CONFIG_DIRS': '/etc/xdg/xdg-ubuntu:/etc/xdg', 'XDG_DATA_DIRS': '/usr/share/ubuntu:/usr/share/gnome:/usr/local/share/:/usr/share/:/var/lib/snapd/desktop', 'PYTHONPATH': '/home/pi/ros2_ws/install/vesc_msgs/lib/python3.12/site-packages:/home/pi/ros2_ws/install/drive/lib/python3.12/site-packages:/opt/ros/kilted/lib/python3.12/site-packages', 'COLCON': '1', 'MEMORY_PRESSURE_WRITE': 'c29tZSAyMDAwMDAgMjAwMDAwMAA=', 'VTE_VERSION': '7600', 'CMAKE_PREFIX_PATH': '/home/pi/ros2_ws/install/vesc:/home/pi/ros2_ws/install/vesc_driver:/home/pi/ros2_ws/install/vesc_msgs:/opt/ros/kilted/opt/sdformat_vendor:/opt/ros/kilted/opt/gz_math_vendor:/opt/ros/kilted/opt/gz_utils_vendor:/opt/ros/kilted/opt/gz_tools_vendor:/opt/ros/kilted/opt/gz_cmake_vendor:/home/pi/ros2_ws/install/drive:/opt/ros/kilted'}), 'shell': False}
[4.553501] (-) TimerEvent: {}
[4.560978] (drive) StdoutLine: {'line': b"reading manifest file 'drive.egg-info/SOURCES.txt'\n"}
[4.562342] (drive) StdoutLine: {'line': b"writing manifest file 'drive.egg-info/SOURCES.txt'\n"}
[4.627733] (drive) StdoutLine: {'line': b'running build_ext\n'}
[4.628105] (drive) StdoutLine: {'line': b'Creating /home/pi/ros2_ws/install/drive/lib/python3.12/site-packages/drive.egg-link (link to .)\n'}
[4.634308] (drive) StdoutLine: {'line': b'Installing talker script to /home/pi/ros2_ws/install/drive/lib/drive\n'}
[4.635078] (drive) StdoutLine: {'line': b'\n'}
[4.635252] (drive) StdoutLine: {'line': b'Installed /home/pi/ros2_ws/build/drive\n'}
[4.635406] (drive) StdoutLine: {'line': b'running symlink_data\n'}
[4.635507] (drive) StdoutLine: {'line': b'creating /home/pi/ros2_ws/install/drive/share/ament_index\n'}
[4.635611] (drive) StdoutLine: {'line': b'creating /home/pi/ros2_ws/install/drive/share/ament_index/resource_index\n'}
[4.635705] (drive) StdoutLine: {'line': b'creating /home/pi/ros2_ws/install/drive/share/ament_index/resource_index/packages\n'}
[4.641230] (ackermann_vesc_adapter) CommandEnded: {'returncode': 0}
[4.641798] (drive) StdoutLine: {'line': b'symbolically linking /home/pi/ros2_ws/build/drive/resource/drive -> /home/pi/ros2_ws/install/drive/share/ament_index/resource_index/packages\n'}
[4.642014] (drive) StdoutLine: {'line': b'symbolically linking /home/pi/ros2_ws/build/drive/package.xml -> /home/pi/ros2_ws/install/drive/share/drive\n'}
[4.653675] (-) TimerEvent: {}
[4.682681] (ackermann_vesc_adapter) JobEnded: {'identifier': 'ackermann_vesc_adapter', 'rc': 0}
[4.755909] (-) TimerEvent: {}
[4.782899] (gazebo_ackermann_steering_vehicle) StdoutLine: {'line': b'-- The C compiler identification is GNU 13.3.0\n'}
[4.851706] (drive) CommandEnded: {'returncode': 0}
[4.859480] (-) TimerEvent: {}
[4.891687] (drive) JobEnded: {'identifier': 'drive', 'rc': 0}
[4.959719] (-) TimerEvent: {}
[4.975504] (gazebo_ackermann_steering_vehicle) StdoutLine: {'line': b'-- The CXX compiler identification is GNU 13.3.0\n'}
[5.029018] (gazebo_ackermann_steering_vehicle) StdoutLine: {'line': b'-- Detecting C compiler ABI info\n'}
[5.060034] (-) TimerEvent: {}
[5.160686] (-) TimerEvent: {}
[5.261843] (-) TimerEvent: {}
[5.348804] (gazebo_ackermann_steering_vehicle) StdoutLine: {'line': b'-- Detecting C compiler ABI info - done\n'}
[5.361925] (-) TimerEvent: {}
[5.370013] (gazebo_ackermann_steering_vehicle) StdoutLine: {'line': b'-- Check for working C compiler: /usr/bin/cc - skipped\n'}
[5.370545] (gazebo_ackermann_steering_vehicle) StdoutLine: {'line': b'-- Detecting C compile features\n'}
[5.370725] (gazebo_ackermann_steering_vehicle) StdoutLine: {'line': b'-- Detecting C compile features - done\n'}
[5.404613] (gazebo_ackermann_steering_vehicle) StdoutLine: {'line': b'-- Detecting CXX compiler ABI info\n'}
[5.462054] (-) TimerEvent: {}
[5.562468] (-) TimerEvent: {}
[5.615765] (gazebo_ackermann_steering_vehicle) StdoutLine: {'line': b'-- Detecting CXX compiler ABI info - done\n'}
[5.630573] (gazebo_ackermann_steering_vehicle) StdoutLine: {'line': b'-- Check for working CXX compiler: /usr/bin/c++ - skipped\n'}
[5.630994] (gazebo_ackermann_steering_vehicle) StdoutLine: {'line': b'-- Detecting CXX compile features\n'}
[5.631733] (gazebo_ackermann_steering_vehicle) StdoutLine: {'line': b'-- Detecting CXX compile features - done\n'}
[5.635820] (gazebo_ackermann_steering_vehicle) StdoutLine: {'line': b'-- Found ament_cmake: 2.7.3 (/opt/ros/kilted/share/ament_cmake/cmake)\n'}
[5.662559] (-) TimerEvent: {}
[5.762916] (-) TimerEvent: {}
[5.863322] (-) TimerEvent: {}
[5.898571] (gazebo_ackermann_steering_vehicle) StdoutLine: {'line': b'-- Found Python3: /usr/bin/python3 (found version "3.12.3") found components: Interpreter \n'}
[5.963435] (-) TimerEvent: {}
[6.044006] (gazebo_ackermann_steering_vehicle) StdoutLine: {'line': b'-- Override CMake install command with custom implementation using symlinks instead of copying resources\n'}
[6.063636] (-) TimerEvent: {}
[6.115924] (gazebo_ackermann_steering_vehicle) StdoutLine: {'line': b'-- Found rclcpp: 29.5.3 (/opt/ros/kilted/share/rclcpp/cmake)\n'}
[6.163782] (-) TimerEvent: {}
[6.202555] (gazebo_ackermann_steering_vehicle) StdoutLine: {'line': b'-- Found rosidl_generator_c: 4.9.5 (/opt/ros/kilted/share/rosidl_generator_c/cmake)\n'}
[6.209022] (vesc_msgs) StdoutLine: {'line': b'-- Using all available rosidl_typesupport_cpp: rosidl_typesupport_fastrtps_cpp;rosidl_typesupport_introspection_cpp\n'}
[6.224911] (gazebo_ackermann_steering_vehicle) StdoutLine: {'line': b'-- Found rosidl_generator_cpp: 4.9.5 (/opt/ros/kilted/share/rosidl_generator_cpp/cmake)\n'}
[6.259076] (gazebo_ackermann_steering_vehicle) StdoutLine: {'line': b'-- Using all available rosidl_typesupport_c: rosidl_typesupport_fastrtps_c;rosidl_typesupport_introspection_c\n'}
[6.263971] (-) TimerEvent: {}
[6.303667] (gazebo_ackermann_steering_vehicle) StdoutLine: {'line': b'-- Using all available rosidl_typesupport_cpp: rosidl_typesupport_fastrtps_cpp;rosidl_typesupport_introspection_cpp\n'}
[6.366876] (-) TimerEvent: {}
[6.467290] (-) TimerEvent: {}
[6.477848] (gazebo_ackermann_steering_vehicle) StdoutLine: {'line': b'-- Found rmw_implementation_cmake: 7.8.2 (/opt/ros/kilted/share/rmw_implementation_cmake/cmake)\n'}
[6.484717] (gazebo_ackermann_steering_vehicle) StdoutLine: {'line': b'-- Found rmw_fastrtps_cpp: 9.3.3 (/opt/ros/kilted/share/rmw_fastrtps_cpp/cmake)\n'}
[6.567434] (-) TimerEvent: {}
[6.657985] (gazebo_ackermann_steering_vehicle) StdoutLine: {'line': b'-- Found OpenSSL: /usr/lib/aarch64-linux-gnu/libcrypto.so (found version "3.0.13")  \n'}
[6.667554] (-) TimerEvent: {}
[6.681162] (gazebo_ackermann_steering_vehicle) StdoutLine: {'line': b"-- Using RMW implementation 'rmw_fastrtps_cpp' as default\n"}
[6.767667] (-) TimerEvent: {}
[6.789954] (gazebo_ackermann_steering_vehicle) StdoutLine: {'line': b'-- Found std_msgs: 5.5.1 (/opt/ros/kilted/share/std_msgs/cmake)\n'}
[6.811069] (gazebo_ackermann_steering_vehicle) StdoutLine: {'line': b'-- Found sensor_msgs: 5.5.1 (/opt/ros/kilted/share/sensor_msgs/cmake)\n'}
[6.863788] (gazebo_ackermann_steering_vehicle) StderrLine: {'line': b'\x1b[0mCMake Deprecation Warning at /opt/ros/kilted/share/ament_cmake_target_dependencies/cmake/ament_target_dependencies.cmake:87 (message):\n'}
[6.864111] (gazebo_ackermann_steering_vehicle) StderrLine: {'line': b'  ament_target_dependencies() is deprecated.  Use target_link_libraries()\n'}
[6.864218] (gazebo_ackermann_steering_vehicle) StderrLine: {'line': b'  with modern CMake targets instead.  Try replacing this call with:\n'}
[6.864311] (gazebo_ackermann_steering_vehicle) StderrLine: {'line': b'\n'}
[6.864399] (gazebo_ackermann_steering_vehicle) StderrLine: {'line': b'    target_link_libraries(vehicle_controller PUBLIC\n'}
[6.864486] (gazebo_ackermann_steering_vehicle) StderrLine: {'line': b'      ${std_msgs_TARGETS}\n'}
[6.864569] (gazebo_ackermann_steering_vehicle) StderrLine: {'line': b'      rclcpp::rclcpp\n'}
[6.864649] (gazebo_ackermann_steering_vehicle) StderrLine: {'line': b'    )\n'}
[6.864728] (gazebo_ackermann_steering_vehicle) StderrLine: {'line': b'\n'}
[6.864808] (gazebo_ackermann_steering_vehicle) StderrLine: {'line': b'Call Stack (most recent call first):\n'}
[6.864912] (gazebo_ackermann_steering_vehicle) StderrLine: {'line': b'  CMakeLists.txt:17 (ament_target_dependencies)\n'}
[6.864993] (gazebo_ackermann_steering_vehicle) StderrLine: {'line': b'\n'}
[6.865074] (gazebo_ackermann_steering_vehicle) StderrLine: {'line': b'\x1b[0m\n'}
[6.866167] (gazebo_ackermann_steering_vehicle) StderrLine: {'line': b'\x1b[0mCMake Deprecation Warning at /opt/ros/kilted/share/ament_cmake_target_dependencies/cmake/ament_target_dependencies.cmake:87 (message):\n'}
[6.866306] (gazebo_ackermann_steering_vehicle) StderrLine: {'line': b'  ament_target_dependencies() is deprecated.  Use target_link_libraries()\n'}
[6.866391] (gazebo_ackermann_steering_vehicle) StderrLine: {'line': b'  with modern CMake targets instead.  Try replacing this call with:\n'}
[6.866473] (gazebo_ackermann_steering_vehicle) StderrLine: {'line': b'\n'}
[6.866550] (gazebo_ackermann_steering_vehicle) StderrLine: {'line': b'    target_link_libraries(joystick_controller PUBLIC\n'}
[6.866631] (gazebo_ackermann_steering_vehicle) StderrLine: {'line': b'      ${sensor_msgs_TARGETS}\n'}
[6.866710] (gazebo_ackermann_steering_vehicle) StderrLine: {'line': b'      ${std_msgs_TARGETS}\n'}
[6.866789] (gazebo_ackermann_steering_vehicle) StderrLine: {'line': b'      rclcpp::rclcpp\n'}
[6.866884] (gazebo_ackermann_steering_vehicle) StderrLine: {'line': b'      sensor_msgs::sensor_msgs_library\n'}
[6.866976] (gazebo_ackermann_steering_vehicle) StderrLine: {'line': b'    )\n'}
[6.867072] (gazebo_ackermann_steering_vehicle) StderrLine: {'line': b'\n'}
[6.867177] (gazebo_ackermann_steering_vehicle) StderrLine: {'line': b'Call Stack (most recent call first):\n'}
[6.867260] (gazebo_ackermann_steering_vehicle) StderrLine: {'line': b'  CMakeLists.txt:20 (ament_target_dependencies)\n'}
[6.867343] (gazebo_ackermann_steering_vehicle) StderrLine: {'line': b'\n'}
[6.867426] (gazebo_ackermann_steering_vehicle) StderrLine: {'line': b'\x1b[0m\n'}
[6.867728] (-) TimerEvent: {}
[6.875027] (gazebo_ackermann_steering_vehicle) StdoutLine: {'line': b'-- Found ament_lint_auto: 0.19.2 (/opt/ros/kilted/share/ament_lint_auto/cmake)\n'}
[6.967859] (-) TimerEvent: {}
[7.068181] (-) TimerEvent: {}
[7.093034] (gazebo_ackermann_steering_vehicle) StdoutLine: {'line': b"-- Added test 'cppcheck' to perform static code analysis on C / C++ code\n"}
[7.093345] (gazebo_ackermann_steering_vehicle) StdoutLine: {'line': b'-- Configured cppcheck include dirs: /home/pi/ros2_ws/src/gazebo_ackermann_steering_vehicle/include\n'}
[7.093506] (gazebo_ackermann_steering_vehicle) StdoutLine: {'line': b'-- Configured cppcheck exclude dirs and/or files: \n'}
[7.094647] (gazebo_ackermann_steering_vehicle) StdoutLine: {'line': b"-- Added test 'flake8' to check Python code syntax and style conventions\n"}
[7.094867] (gazebo_ackermann_steering_vehicle) StdoutLine: {'line': b"-- Configured 'flake8' exclude dirs and/or files: \n"}
[7.095938] (gazebo_ackermann_steering_vehicle) StdoutLine: {'line': b"-- Added test 'lint_cmake' to check CMake code style\n"}
[7.096996] (gazebo_ackermann_steering_vehicle) StdoutLine: {'line': b"-- Added test 'pep257' to check Python code against some of the docstring style conventions in PEP 257\n"}
[7.099085] (gazebo_ackermann_steering_vehicle) StdoutLine: {'line': b"-- Added test 'uncrustify' to check C / C++ code style\n"}
[7.099257] (gazebo_ackermann_steering_vehicle) StdoutLine: {'line': b'-- Configured uncrustify additional arguments: \n'}
[7.100258] (gazebo_ackermann_steering_vehicle) StdoutLine: {'line': b"-- Added test 'xmllint' to check XML markup files\n"}
[7.103043] (gazebo_ackermann_steering_vehicle) StdoutLine: {'line': b'-- Configuring done (2.5s)\n'}
[7.130233] (gazebo_ackermann_steering_vehicle) StdoutLine: {'line': b'-- Generating done (0.0s)\n'}
[7.139691] (gazebo_ackermann_steering_vehicle) StdoutLine: {'line': b'-- Build files have been written to: /home/pi/ros2_ws/build/gazebo_ackermann_steering_vehicle\n'}
[7.162614] (gazebo_ackermann_steering_vehicle) CommandEnded: {'returncode': 0}
[7.163645] (gazebo_ackermann_steering_vehicle) JobProgress: {'identifier': 'gazebo_ackermann_steering_vehicle', 'progress': 'build'}
[7.164589] (gazebo_ackermann_steering_vehicle) Command: {'cmd': ['/usr/bin/cmake', '--build', '/home/pi/ros2_ws/build/gazebo_ackermann_steering_vehicle', '--', '-j4', '-l4'], 'cwd': '/home/pi/ros2_ws/build/gazebo_ackermann_steering_vehicle', 'env': OrderedDict({'LESSOPEN': '| /usr/bin/lesspipe %s', 'USER': 'pi', 'GZ_CONFIG_PATH': '/opt/ros/kilted/opt/sdformat_vendor/share/gz', 'XDG_SESSION_TYPE': 'wayland', 'CLUTTER_DISABLE_MIPMAPPED_TEXT': '1', 'SHLVL': '1', 'LD_LIBRARY_PATH': '/home/pi/ros2_ws/install/vesc_driver/lib:/home/pi/ros2_ws/install/vesc_msgs/lib:/opt/ros/kilted/opt/zenoh_cpp_vendor/lib:/opt/ros/kilted/opt/sdformat_vendor/lib:/opt/ros/kilted/opt/gz_math_vendor/lib:/opt/ros/kilted/opt/gz_utils_vendor/lib:/opt/ros/kilted/opt/rviz_ogre_vendor/lib:/opt/ros/kilted/lib/aarch64-linux-gnu:/opt/ros/kilted/opt/gz_tools_vendor/lib:/opt/ros/kilted/opt/gz_cmake_vendor/lib:/opt/ros/kilted/lib', 'HOME': '/home/pi', 'OLDPWD': '/home/pi/ros2_ws/src', 'DESKTOP_SESSION': 'ubuntu', 'ROS_PYTHON_VERSION': '3', 'GNOME_SHELL_SESSION_MODE': 'ubuntu', 'GTK_MODULES': 'gail:atk-bridge', 'SYSTEMD_EXEC_PID': '2195', 'GSM_SKIP_SSH_AGENT_WORKAROUND': 'true', 'DBUS_SESSION_BUS_ADDRESS': 'unix:path=/run/user/1000/bus', 'COLORTERM': 'truecolor', 'DEBUGINFOD_URLS': 'https://debuginfod.ubuntu.com', 'IM_CONFIG_PHASE': '1', 'WAYLAND_DISPLAY': 'wayland-0', 'COLCON_PREFIX_PATH': '/home/pi/ros2_ws/install', 'ROS_DISTRO': 'kilted', 'LOGNAME': 'pi', '_': '/usr/bin/colcon', 'ROS_VERSION': '2', 'MEMORY_PRESSURE_WATCH': '/sys/fs/cgroup/user.slice/user-1000.slice/user@1000.service/session.slice/org.gnome.Shell@wayland.service/memory.pressure', 'XDG_SESSION_CLASS': 'user', 'USERNAME': 'pi', 'TERM': 'xterm-256color', 'GNOME_DESKTOP_SESSION_ID': 'this-is-deprecated', 'PATH': '/opt/ros/kilted/opt/gz_tools_vendor/bin:/opt/ros/kilted/bin:/usr/local/sbin:/usr/local/bin:/usr/sbin:/usr/bin:/sbin:/bin:/usr/games:/usr/local/games:/snap/bin:/snap/bin', 'SESSION_MANAGER': 'local/pi-desktop:@/tmp/.ICE-unix/2158,unix/pi-desktop:/tmp/.ICE-unix/2158', 'XDG_MENU_PREFIX': 'gnome-', 'GNOME_TERMINAL_SCREEN': '/org/gnome/Terminal/screen/b6060ff1_b4c0_4e7e_98da_2ab95f683da2', 'GNOME_SETUP_DISPLAY': ':1', 'XDG_RUNTIME_DIR': '/run/user/1000', 'DISPLAY': ':0', 'LANG': 'C.UTF-8', 'XDG_CURRENT_DESKTOP': 'ubuntu:GNOME', 'XMODIFIERS': '@im=ibus', 'XDG_SESSION_DESKTOP': 'ubuntu', 'XAUTHORITY': '/run/user/1000/.mutter-Xwaylandauth.GK01I3', 'LS_COLORS': 'rs=0:di=01;34:ln=01;36:mh=00:pi=40;33:so=01;35:do=01;35:bd=40;33;01:cd=40;33;01:or=40;31;01:mi=00:su=37;41:sg=30;43:ca=00:tw=30;42:ow=34;42:st=37;44:ex=01;32:*.tar=01;31:*.tgz=01;31:*.arc=01;31:*.arj=01;31:*.taz=01;31:*.lha=01;31:*.lz4=01;31:*.lzh=01;31:*.lzma=01;31:*.tlz=01;31:*.txz=01;31:*.tzo=01;31:*.t7z=01;31:*.zip=01;31:*.z=01;31:*.dz=01;31:*.gz=01;31:*.lrz=01;31:*.lz=01;31:*.lzo=01;31:*.xz=01;31:*.zst=01;31:*.tzst=01;31:*.bz2=01;31:*.bz=01;31:*.tbz=01;31:*.tbz2=01;31:*.tz=01;31:*.deb=01;31:*.rpm=01;31:*.jar=01;31:*.war=01;31:*.ear=01;31:*.sar=01;31:*.rar=01;31:*.alz=01;31:*.ace=01;31:*.zoo=01;31:*.cpio=01;31:*.7z=01;31:*.rz=01;31:*.cab=01;31:*.wim=01;31:*.swm=01;31:*.dwm=01;31:*.esd=01;31:*.avif=01;35:*.jpg=01;35:*.jpeg=01;35:*.mjpg=01;35:*.mjpeg=01;35:*.gif=01;35:*.bmp=01;35:*.pbm=01;35:*.pgm=01;35:*.ppm=01;35:*.tga=01;35:*.xbm=01;35:*.xpm=01;35:*.tif=01;35:*.tiff=01;35:*.png=01;35:*.svg=01;35:*.svgz=01;35:*.mng=01;35:*.pcx=01;35:*.mov=01;35:*.mpg=01;35:*.mpeg=01;35:*.m2v=01;35:*.mkv=01;35:*.webm=01;35:*.webp=01;35:*.ogm=01;35:*.mp4=01;35:*.m4v=01;35:*.mp4v=01;35:*.vob=01;35:*.qt=01;35:*.nuv=01;35:*.wmv=01;35:*.asf=01;35:*.rm=01;35:*.rmvb=01;35:*.flc=01;35:*.avi=01;35:*.fli=01;35:*.flv=01;35:*.gl=01;35:*.dl=01;35:*.xcf=01;35:*.xwd=01;35:*.yuv=01;35:*.cgm=01;35:*.emf=01;35:*.ogv=01;35:*.ogx=01;35:*.aac=00;36:*.au=00;36:*.flac=00;36:*.m4a=00;36:*.mid=00;36:*.midi=00;36:*.mka=00;36:*.mp3=00;36:*.mpc=00;36:*.ogg=00;36:*.ra=00;36:*.wav=00;36:*.oga=00;36:*.opus=00;36:*.spx=00;36:*.xspf=00;36:*~=00;90:*#=00;90:*.bak=00;90:*.crdownload=00;90:*.dpkg-dist=00;90:*.dpkg-new=00;90:*.dpkg-old=00;90:*.dpkg-tmp=00;90:*.old=00;90:*.orig=00;90:*.part=00;90:*.rej=00;90:*.rpmnew=00;90:*.rpmorig=00;90:*.rpmsave=00;90:*.swp=00;90:*.tmp=00;90:*.ucf-dist=00;90:*.ucf-new=00;90:*.ucf-old=00;90:', 'GNOME_TERMINAL_SERVICE': ':1.100', 'SSH_AUTH_SOCK': '/run/user/1000/keyring/ssh', 'ROS_DOMAIN_ID': '1', 'AMENT_PREFIX_PATH': '/home/pi/ros2_ws/install/vesc:/home/pi/ros2_ws/install/vesc_driver:/home/pi/ros2_ws/install/vesc_msgs:/home/pi/ros2_ws/install/drive:/opt/ros/kilted', 'SHELL': '/bin/bash', 'QT_ACCESSIBILITY': '1', 'GDMSESSION': 'ubuntu', 'LESSCLOSE': '/usr/bin/lesspipe %s %s', 'ROS_AUTOMATIC_DISCOVERY_RANGE': 'SUBNET', 'QT_IM_MODULE': 'ibus', 'PWD': '/home/pi/ros2_ws/build/gazebo_ackermann_steering_vehicle', 'XDG_CONFIG_DIRS': '/etc/xdg/xdg-ubuntu:/etc/xdg', 'XDG_DATA_DIRS': '/usr/share/ubuntu:/usr/share/gnome:/usr/local/share/:/usr/share/:/var/lib/snapd/desktop', 'PYTHONPATH': '/home/pi/ros2_ws/install/vesc_msgs/lib/python3.12/site-packages:/home/pi/ros2_ws/install/drive/lib/python3.12/site-packages:/opt/ros/kilted/lib/python3.12/site-packages', 'COLCON': '1', 'MEMORY_PRESSURE_WRITE': 'c29tZSAyMDAwMDAgMjAwMDAwMAA=', 'VTE_VERSION': '7600', 'CMAKE_PREFIX_PATH': '/home/pi/ros2_ws/install/vesc:/home/pi/ros2_ws/install/vesc_driver:/home/pi/ros2_ws/install/vesc_msgs:/opt/ros/kilted/opt/sdformat_vendor:/opt/ros/kilted/opt/gz_math_vendor:/opt/ros/kilted/opt/gz_utils_vendor:/opt/ros/kilted/opt/gz_tools_vendor:/opt/ros/kilted/opt/gz_cmake_vendor:/home/pi/ros2_ws/install/drive:/opt/ros/kilted'}), 'shell': False}
[7.168267] (-) TimerEvent: {}
[7.174691] (vesc_msgs) StdoutLine: {'line': b'-- Found Python3: /usr/bin/python3 (found version "3.12.3") found components: Interpreter Development NumPy Development.Module Development.Embed \n'}
[7.268413] (gazebo_ackermann_steering_vehicle) StdoutLine: {'line': b'[ 50%] \x1b[32mBuilding CXX object CMakeFiles/vehicle_controller.dir/src/vehicle_controller.cpp.o\x1b[0m\n'}
[7.268742] (-) TimerEvent: {}
[7.268978] (gazebo_ackermann_steering_vehicle) StdoutLine: {'line': b'[ 50%] \x1b[32mBuilding CXX object CMakeFiles/joystick_controller.dir/src/joystick_controller.cpp.o\x1b[0m\n'}
[7.291012] (vesc_msgs) StdoutLine: {'line': b'-- Found ament_lint_auto: 0.19.2 (/opt/ros/kilted/share/ament_lint_auto/cmake)\n'}
[7.328236] (vesc_msgs) StdoutLine: {'line': b"-- Added test 'copyright' to check source files copyright and LICENSE\n"}
[7.330890] (vesc_msgs) StdoutLine: {'line': b"-- Added test 'lint_cmake' to check CMake code style\n"}
[7.332495] (vesc_msgs) StdoutLine: {'line': b"-- Added test 'xmllint' to check XML markup files\n"}
[7.338572] (vesc_msgs) StdoutLine: {'line': b'-- Configuring done (7.3s)\n'}
[7.368904] (-) TimerEvent: {}
[7.417426] (vesc_msgs) StdoutLine: {'line': b'-- Generating done (0.1s)\n'}
[7.435792] (vesc_msgs) StdoutLine: {'line': b'-- Build files have been written to: /home/pi/ros2_ws/build/vesc_msgs\n'}
[7.463551] (vesc_msgs) CommandEnded: {'returncode': 0}
[7.465771] (vesc_msgs) JobProgress: {'identifier': 'vesc_msgs', 'progress': 'build'}
[7.465829] (vesc_msgs) Command: {'cmd': ['/usr/bin/cmake', '--build', '/home/pi/ros2_ws/build/vesc_msgs', '--', '-j4', '-l4'], 'cwd': '/home/pi/ros2_ws/build/vesc_msgs', 'env': OrderedDict({'LESSOPEN': '| /usr/bin/lesspipe %s', 'USER': 'pi', 'GZ_CONFIG_PATH': '/opt/ros/kilted/opt/sdformat_vendor/share/gz', 'XDG_SESSION_TYPE': 'wayland', 'CLUTTER_DISABLE_MIPMAPPED_TEXT': '1', 'SHLVL': '1', 'LD_LIBRARY_PATH': '/home/pi/ros2_ws/install/vesc_driver/lib:/home/pi/ros2_ws/install/vesc_msgs/lib:/opt/ros/kilted/opt/zenoh_cpp_vendor/lib:/opt/ros/kilted/opt/sdformat_vendor/lib:/opt/ros/kilted/opt/gz_math_vendor/lib:/opt/ros/kilted/opt/gz_utils_vendor/lib:/opt/ros/kilted/opt/rviz_ogre_vendor/lib:/opt/ros/kilted/lib/aarch64-linux-gnu:/opt/ros/kilted/opt/gz_tools_vendor/lib:/opt/ros/kilted/opt/gz_cmake_vendor/lib:/opt/ros/kilted/lib', 'HOME': '/home/pi', 'OLDPWD': '/home/pi/ros2_ws/src', 'DESKTOP_SESSION': 'ubuntu', 'ROS_PYTHON_VERSION': '3', 'GNOME_SHELL_SESSION_MODE': 'ubuntu', 'GTK_MODULES': 'gail:atk-bridge', 'SYSTEMD_EXEC_PID': '2195', 'GSM_SKIP_SSH_AGENT_WORKAROUND': 'true', 'DBUS_SESSION_BUS_ADDRESS': 'unix:path=/run/user/1000/bus', 'COLORTERM': 'truecolor', 'DEBUGINFOD_URLS': 'https://debuginfod.ubuntu.com', 'IM_CONFIG_PHASE': '1', 'WAYLAND_DISPLAY': 'wayland-0', 'COLCON_PREFIX_PATH': '/home/pi/ros2_ws/install', 'ROS_DISTRO': 'kilted', 'LOGNAME': 'pi', '_': '/usr/bin/colcon', 'ROS_VERSION': '2', 'MEMORY_PRESSURE_WATCH': '/sys/fs/cgroup/user.slice/user-1000.slice/user@1000.service/session.slice/org.gnome.Shell@wayland.service/memory.pressure', 'XDG_SESSION_CLASS': 'user', 'USERNAME': 'pi', 'TERM': 'xterm-256color', 'GNOME_DESKTOP_SESSION_ID': 'this-is-deprecated', 'PATH': '/opt/ros/kilted/opt/gz_tools_vendor/bin:/opt/ros/kilted/bin:/usr/local/sbin:/usr/local/bin:/usr/sbin:/usr/bin:/sbin:/bin:/usr/games:/usr/local/games:/snap/bin:/snap/bin', 'SESSION_MANAGER': 'local/pi-desktop:@/tmp/.ICE-unix/2158,unix/pi-desktop:/tmp/.ICE-unix/2158', 'XDG_MENU_PREFIX': 'gnome-', 'GNOME_TERMINAL_SCREEN': '/org/gnome/Terminal/screen/b6060ff1_b4c0_4e7e_98da_2ab95f683da2', 'GNOME_SETUP_DISPLAY': ':1', 'XDG_RUNTIME_DIR': '/run/user/1000', 'DISPLAY': ':0', 'LANG': 'C.UTF-8', 'XDG_CURRENT_DESKTOP': 'ubuntu:GNOME', 'XMODIFIERS': '@im=ibus', 'XDG_SESSION_DESKTOP': 'ubuntu', 'XAUTHORITY': '/run/user/1000/.mutter-Xwaylandauth.GK01I3', 'LS_COLORS': 'rs=0:di=01;34:ln=01;36:mh=00:pi=40;33:so=01;35:do=01;35:bd=40;33;01:cd=40;33;01:or=40;31;01:mi=00:su=37;41:sg=30;43:ca=00:tw=30;42:ow=34;42:st=37;44:ex=01;32:*.tar=01;31:*.tgz=01;31:*.arc=01;31:*.arj=01;31:*.taz=01;31:*.lha=01;31:*.lz4=01;31:*.lzh=01;31:*.lzma=01;31:*.tlz=01;31:*.txz=01;31:*.tzo=01;31:*.t7z=01;31:*.zip=01;31:*.z=01;31:*.dz=01;31:*.gz=01;31:*.lrz=01;31:*.lz=01;31:*.lzo=01;31:*.xz=01;31:*.zst=01;31:*.tzst=01;31:*.bz2=01;31:*.bz=01;31:*.tbz=01;31:*.tbz2=01;31:*.tz=01;31:*.deb=01;31:*.rpm=01;31:*.jar=01;31:*.war=01;31:*.ear=01;31:*.sar=01;31:*.rar=01;31:*.alz=01;31:*.ace=01;31:*.zoo=01;31:*.cpio=01;31:*.7z=01;31:*.rz=01;31:*.cab=01;31:*.wim=01;31:*.swm=01;31:*.dwm=01;31:*.esd=01;31:*.avif=01;35:*.jpg=01;35:*.jpeg=01;35:*.mjpg=01;35:*.mjpeg=01;35:*.gif=01;35:*.bmp=01;35:*.pbm=01;35:*.pgm=01;35:*.ppm=01;35:*.tga=01;35:*.xbm=01;35:*.xpm=01;35:*.tif=01;35:*.tiff=01;35:*.png=01;35:*.svg=01;35:*.svgz=01;35:*.mng=01;35:*.pcx=01;35:*.mov=01;35:*.mpg=01;35:*.mpeg=01;35:*.m2v=01;35:*.mkv=01;35:*.webm=01;35:*.webp=01;35:*.ogm=01;35:*.mp4=01;35:*.m4v=01;35:*.mp4v=01;35:*.vob=01;35:*.qt=01;35:*.nuv=01;35:*.wmv=01;35:*.asf=01;35:*.rm=01;35:*.rmvb=01;35:*.flc=01;35:*.avi=01;35:*.fli=01;35:*.flv=01;35:*.gl=01;35:*.dl=01;35:*.xcf=01;35:*.xwd=01;35:*.yuv=01;35:*.cgm=01;35:*.emf=01;35:*.ogv=01;35:*.ogx=01;35:*.aac=00;36:*.au=00;36:*.flac=00;36:*.m4a=00;36:*.mid=00;36:*.midi=00;36:*.mka=00;36:*.mp3=00;36:*.mpc=00;36:*.ogg=00;36:*.ra=00;36:*.wav=00;36:*.oga=00;36:*.opus=00;36:*.spx=00;36:*.xspf=00;36:*~=00;90:*#=00;90:*.bak=00;90:*.crdownload=00;90:*.dpkg-dist=00;90:*.dpkg-new=00;90:*.dpkg-old=00;90:*.dpkg-tmp=00;90:*.old=00;90:*.orig=00;90:*.part=00;90:*.rej=00;90:*.rpmnew=00;90:*.rpmorig=00;90:*.rpmsave=00;90:*.swp=00;90:*.tmp=00;90:*.ucf-dist=00;90:*.ucf-new=00;90:*.ucf-old=00;90:', 'GNOME_TERMINAL_SERVICE': ':1.100', 'SSH_AUTH_SOCK': '/run/user/1000/keyring/ssh', 'ROS_DOMAIN_ID': '1', 'AMENT_PREFIX_PATH': '/home/pi/ros2_ws/install/vesc:/home/pi/ros2_ws/install/vesc_driver:/home/pi/ros2_ws/install/vesc_msgs:/home/pi/ros2_ws/install/drive:/opt/ros/kilted', 'SHELL': '/bin/bash', 'QT_ACCESSIBILITY': '1', 'GDMSESSION': 'ubuntu', 'LESSCLOSE': '/usr/bin/lesspipe %s %s', 'ROS_AUTOMATIC_DISCOVERY_RANGE': 'SUBNET', 'QT_IM_MODULE': 'ibus', 'PWD': '/home/pi/ros2_ws/build/vesc_msgs', 'XDG_CONFIG_DIRS': '/etc/xdg/xdg-ubuntu:/etc/xdg', 'XDG_DATA_DIRS': '/usr/share/ubuntu:/usr/share/gnome:/usr/local/share/:/usr/share/:/var/lib/snapd/desktop', 'PYTHONPATH': '/home/pi/ros2_ws/install/vesc_msgs/lib/python3.12/site-packages:/home/pi/ros2_ws/install/drive/lib/python3.12/site-packages:/opt/ros/kilted/lib/python3.12/site-packages', 'COLCON': '1', 'MEMORY_PRESSURE_WRITE': 'c29tZSAyMDAwMDAgMjAwMDAwMAA=', 'VTE_VERSION': '7600', 'CMAKE_PREFIX_PATH': '/home/pi/ros2_ws/install/vesc:/home/pi/ros2_ws/install/vesc_driver:/home/pi/ros2_ws/install/vesc_msgs:/opt/ros/kilted/opt/sdformat_vendor:/opt/ros/kilted/opt/gz_math_vendor:/opt/ros/kilted/opt/gz_utils_vendor:/opt/ros/kilted/opt/gz_tools_vendor:/opt/ros/kilted/opt/gz_cmake_vendor:/home/pi/ros2_ws/install/drive:/opt/ros/kilted'}), 'shell': False}
[7.468987] (-) TimerEvent: {}
[7.572171] (-) TimerEvent: {}
[7.588348] (vesc_msgs) StdoutLine: {'line': b'[  1%] \x1b[34m\x1b[1mGenerating type hashes for ROS interfaces\x1b[0m\n'}
[7.619000] (vesc_msgs) StdoutLine: {'line': b'[  1%] Built target ament_cmake_python_symlink_vesc_msgs\n'}
[7.672290] (-) TimerEvent: {}
[7.775168] (-) TimerEvent: {}
[7.875655] (-) TimerEvent: {}
[7.976096] (-) TimerEvent: {}
[8.079039] (-) TimerEvent: {}
[8.139680] (vesc_msgs) StdoutLine: {'line': b'running egg_info\n'}
[8.141299] (vesc_msgs) StdoutLine: {'line': b'creating vesc_msgs.egg-info\n'}
[8.179166] (-) TimerEvent: {}
[8.188707] (vesc_msgs) StdoutLine: {'line': b'writing vesc_msgs.egg-info/PKG-INFO\n'}
[8.189702] (vesc_msgs) StdoutLine: {'line': b'writing dependency_links to vesc_msgs.egg-info/dependency_links.txt\n'}
[8.193054] (vesc_msgs) StdoutLine: {'line': b'writing top-level names to vesc_msgs.egg-info/top_level.txt\n'}
[8.193245] (vesc_msgs) StdoutLine: {'line': b"writing manifest file 'vesc_msgs.egg-info/SOURCES.txt'\n"}
[8.279298] (-) TimerEvent: {}
[8.348899] (vesc_msgs) StdoutLine: {'line': b"reading manifest file 'vesc_msgs.egg-info/SOURCES.txt'\n"}
[8.349891] (vesc_msgs) StdoutLine: {'line': b"writing manifest file 'vesc_msgs.egg-info/SOURCES.txt'\n"}
[8.379492] (-) TimerEvent: {}
[8.480152] (-) TimerEvent: {}
[8.500350] (vesc_msgs) StdoutLine: {'line': b'[  1%] Built target ament_cmake_python_build_vesc_msgs_egg\n'}
[8.515338] (vesc_msgs) StdoutLine: {'line': b'[  1%] Built target vesc_msgs__rosidl_generator_type_description\n'}
[8.541307] (vesc_msgs) StdoutLine: {'line': b'[  3%] \x1b[34m\x1b[1mGenerating C code for ROS interfaces\x1b[0m\n'}
[8.568916] (vesc_msgs) StdoutLine: {'line': b'[  4%] \x1b[34m\x1b[1mGenerating C++ code for ROS interfaces\x1b[0m\n'}
[8.580281] (-) TimerEvent: {}
[8.680652] (-) TimerEvent: {}
[8.784114] (-) TimerEvent: {}
[8.887156] (-) TimerEvent: {}
[8.987542] (-) TimerEvent: {}
[9.087906] (-) TimerEvent: {}
[9.188267] (-) TimerEvent: {}
[9.291035] (-) TimerEvent: {}
[9.394178] (-) TimerEvent: {}
[9.494733] (-) TimerEvent: {}
[9.595264] (-) TimerEvent: {}
[9.698134] (-) TimerEvent: {}
[9.798722] (-) TimerEvent: {}
[9.902204] (-) TimerEvent: {}
[10.002673] (-) TimerEvent: {}
[10.103159] (-) TimerEvent: {}
[10.203668] (-) TimerEvent: {}
[10.255144] (vesc_msgs) StdoutLine: {'line': b'[  6%] \x1b[32mBuilding C object CMakeFiles/vesc_msgs__rosidl_generator_c.dir/rosidl_generator_c/vesc_msgs/msg/detail/vesc_state__description.c.o\x1b[0m\n'}
[10.260713] (vesc_msgs) StdoutLine: {'line': b'[  6%] Built target vesc_msgs__cpp\n'}
[10.270265] (vesc_msgs) StdoutLine: {'line': b'[  7%] \x1b[32mBuilding C object CMakeFiles/vesc_msgs__rosidl_generator_c.dir/rosidl_generator_c/vesc_msgs/msg/detail/vesc_state__functions.c.o\x1b[0m\n'}
[10.279641] (vesc_msgs) StdoutLine: {'line': b'[  9%] \x1b[32mBuilding C object CMakeFiles/vesc_msgs__rosidl_generator_c.dir/rosidl_generator_c/vesc_msgs/msg/detail/vesc_state__type_support.c.o\x1b[0m\n'}
[10.300054] (vesc_msgs) StdoutLine: {'line': b'[ 10%] \x1b[32mBuilding C object CMakeFiles/vesc_msgs__rosidl_generator_c.dir/rosidl_generator_c/vesc_msgs/msg/detail/vesc_state_stamped__description.c.o\x1b[0m\n'}
[10.303834] (-) TimerEvent: {}
[10.409217] (-) TimerEvent: {}
[10.444938] (vesc_msgs) StdoutLine: {'line': b'[ 12%] \x1b[32mBuilding C object CMakeFiles/vesc_msgs__rosidl_generator_c.dir/rosidl_generator_c/vesc_msgs/msg/detail/vesc_state_stamped__type_support.c.o\x1b[0m\n'}
[10.447562] (vesc_msgs) StdoutLine: {'line': b'[ 14%] \x1b[32mBuilding C object CMakeFiles/vesc_msgs__rosidl_generator_c.dir/rosidl_generator_c/vesc_msgs/msg/detail/vesc_state_stamped__functions.c.o\x1b[0m\n'}
[10.480616] (vesc_msgs) StdoutLine: {'line': b'[ 15%] \x1b[32mBuilding C object CMakeFiles/vesc_msgs__rosidl_generator_c.dir/rosidl_generator_c/vesc_msgs/msg/detail/vesc_imu__description.c.o\x1b[0m\n'}
[10.492090] (vesc_msgs) StdoutLine: {'line': b'[ 17%] \x1b[32mBuilding C object CMakeFiles/vesc_msgs__rosidl_generator_c.dir/rosidl_generator_c/vesc_msgs/msg/detail/vesc_imu__functions.c.o\x1b[0m\n'}
[10.509371] (-) TimerEvent: {}
[10.568720] (vesc_msgs) StdoutLine: {'line': b'[ 18%] \x1b[32mBuilding C object CMakeFiles/vesc_msgs__rosidl_generator_c.dir/rosidl_generator_c/vesc_msgs/msg/detail/vesc_imu__type_support.c.o\x1b[0m\n'}
[10.609503] (-) TimerEvent: {}
[10.636170] (vesc_msgs) StdoutLine: {'line': b'[ 20%] \x1b[32mBuilding C object CMakeFiles/vesc_msgs__rosidl_generator_c.dir/rosidl_generator_c/vesc_msgs/msg/detail/vesc_imu_stamped__description.c.o\x1b[0m\n'}
[10.677026] (vesc_msgs) StdoutLine: {'line': b'[ 21%] \x1b[32mBuilding C object CMakeFiles/vesc_msgs__rosidl_generator_c.dir/rosidl_generator_c/vesc_msgs/msg/detail/vesc_imu_stamped__type_support.c.o\x1b[0m\n'}
[10.686930] (vesc_msgs) StdoutLine: {'line': b'[ 23%] \x1b[32mBuilding C object CMakeFiles/vesc_msgs__rosidl_generator_c.dir/rosidl_generator_c/vesc_msgs/msg/detail/vesc_imu_stamped__functions.c.o\x1b[0m\n'}
[10.711932] (-) TimerEvent: {}
[10.812422] (-) TimerEvent: {}
[10.832213] (vesc_msgs) StdoutLine: {'line': b'[ 25%] \x1b[32m\x1b[1mLinking C shared library libvesc_msgs__rosidl_generator_c.so\x1b[0m\n'}
[10.912581] (-) TimerEvent: {}
[10.942954] (vesc_msgs) StdoutLine: {'line': b'[ 25%] Built target vesc_msgs__rosidl_generator_c\n'}
[10.967342] (vesc_msgs) StdoutLine: {'line': b'[ 26%] \x1b[34m\x1b[1mGenerating C++ type support dispatch for ROS interfaces\x1b[0m\n'}
[10.991623] (vesc_msgs) StdoutLine: {'line': b'[ 28%] \x1b[34m\x1b[1mGenerating C introspection for ROS interfaces\x1b[0m\n'}
[10.993324] (vesc_msgs) StdoutLine: {'line': b'[ 29%] \x1b[34m\x1b[1mGenerating C type support for eProsima Fast-RTPS\x1b[0m\n'}
[10.994765] (vesc_msgs) StdoutLine: {'line': b'[ 31%] \x1b[34m\x1b[1mGenerating C type support dispatch for ROS interfaces\x1b[0m\n'}
[11.015910] (-) TimerEvent: {}
[11.116358] (-) TimerEvent: {}
[11.219924] (-) TimerEvent: {}
[11.320363] (-) TimerEvent: {}
[11.420782] (-) TimerEvent: {}
[11.521264] (-) TimerEvent: {}
[11.628067] (-) TimerEvent: {}
[11.730898] (-) TimerEvent: {}
[11.833242] (-) TimerEvent: {}
[11.933628] (-) TimerEvent: {}
[12.038899] (-) TimerEvent: {}
[12.139335] (-) TimerEvent: {}
[12.239776] (-) TimerEvent: {}
[12.340246] (-) TimerEvent: {}
[12.440669] (-) TimerEvent: {}
[12.541097] (-) TimerEvent: {}
[12.641517] (-) TimerEvent: {}
[12.741921] (-) TimerEvent: {}
[12.833032] (vesc_msgs) StdoutLine: {'line': b'[ 32%] \x1b[32mBuilding CXX object CMakeFiles/vesc_msgs__rosidl_typesupport_cpp.dir/rosidl_typesupport_cpp/vesc_msgs/msg/vesc_state__type_support.cpp.o\x1b[0m\n'}
[12.842624] (-) TimerEvent: {}
[12.866718] (vesc_msgs) StdoutLine: {'line': b'[ 34%] \x1b[32mBuilding CXX object CMakeFiles/vesc_msgs__rosidl_typesupport_c.dir/rosidl_typesupport_c/vesc_msgs/msg/vesc_state__type_support.cpp.o\x1b[0m\n'}
[12.942736] (-) TimerEvent: {}
[13.043156] (-) TimerEvent: {}
[13.060861] (vesc_msgs) StdoutLine: {'line': b'[ 35%] \x1b[32mBuilding CXX object CMakeFiles/vesc_msgs__rosidl_typesupport_c.dir/rosidl_typesupport_c/vesc_msgs/msg/vesc_state_stamped__type_support.cpp.o\x1b[0m\n'}
[13.143360] (-) TimerEvent: {}
[13.248974] (-) TimerEvent: {}
[13.328771] (vesc_msgs) StdoutLine: {'line': b'[ 37%] \x1b[32mBuilding CXX object CMakeFiles/vesc_msgs__rosidl_typesupport_c.dir/rosidl_typesupport_c/vesc_msgs/msg/vesc_imu__type_support.cpp.o\x1b[0m\n'}
[13.349128] (-) TimerEvent: {}
[13.454349] (-) TimerEvent: {}
[13.554781] (-) TimerEvent: {}
[13.607288] (vesc_msgs) StdoutLine: {'line': b'[ 39%] \x1b[32mBuilding CXX object CMakeFiles/vesc_msgs__rosidl_typesupport_c.dir/rosidl_typesupport_c/vesc_msgs/msg/vesc_imu_stamped__type_support.cpp.o\x1b[0m\n'}
[13.624944] (vesc_msgs) StdoutLine: {'line': b'[ 40%] \x1b[32mBuilding C object CMakeFiles/vesc_msgs__rosidl_typesupport_introspection_c.dir/rosidl_typesupport_introspection_c/vesc_msgs/msg/detail/vesc_state__type_support.c.o\x1b[0m\n'}
[13.659920] (-) TimerEvent: {}
[13.754441] (vesc_msgs) StdoutLine: {'line': b'[ 42%] \x1b[32m\x1b[1mLinking CXX shared library libvesc_msgs__rosidl_typesupport_c.so\x1b[0m\n'}
[13.759477] (vesc_msgs) StdoutLine: {'line': b'[ 43%] \x1b[32mBuilding CXX object CMakeFiles/vesc_msgs__rosidl_typesupport_fastrtps_c.dir/rosidl_typesupport_fastrtps_c/vesc_msgs/msg/detail/vesc_state__type_support_c.cpp.o\x1b[0m\n'}
[13.759997] (-) TimerEvent: {}
[13.801751] (vesc_msgs) StdoutLine: {'line': b'[ 45%] \x1b[32mBuilding C object CMakeFiles/vesc_msgs__rosidl_typesupport_introspection_c.dir/rosidl_typesupport_introspection_c/vesc_msgs/msg/detail/vesc_state_stamped__type_support.c.o\x1b[0m\n'}
[13.860177] (-) TimerEvent: {}
[13.962180] (-) TimerEvent: {}
[13.992975] (vesc_msgs) StdoutLine: {'line': b'[ 46%] \x1b[32mBuilding C object CMakeFiles/vesc_msgs__rosidl_typesupport_introspection_c.dir/rosidl_typesupport_introspection_c/vesc_msgs/msg/detail/vesc_imu__type_support.c.o\x1b[0m\n'}
[14.000981] (vesc_msgs) StdoutLine: {'line': b'[ 46%] Built target vesc_msgs__rosidl_typesupport_c\n'}
[14.063542] (-) TimerEvent: {}
[14.076039] (vesc_msgs) StdoutLine: {'line': b'[ 48%] \x1b[34m\x1b[1mGenerating C++ type support for eProsima Fast-RTPS\x1b[0m\n'}
[14.163732] (-) TimerEvent: {}
[14.197022] (vesc_msgs) StdoutLine: {'line': b'[ 50%] \x1b[32mBuilding C object CMakeFiles/vesc_msgs__rosidl_typesupport_introspection_c.dir/rosidl_typesupport_introspection_c/vesc_msgs/msg/detail/vesc_imu_stamped__type_support.c.o\x1b[0m\n'}
[14.264988] (-) TimerEvent: {}
[14.367917] (-) TimerEvent: {}
[14.390991] (gazebo_ackermann_steering_vehicle) StderrLine: {'line': b'\x1b[01m\x1b[K/home/pi/ros2_ws/src/gazebo_ackermann_steering_vehicle/src/vehicle_controller.cpp:\x1b[m\x1b[K In member function \xe2\x80\x98\x1b[01m\x1b[Kstd::pair<double, double> VehicleController::\x1b[01;32m\x1b[Kackermann_steering_angle\x1b[m\x1b[K()\x1b[m\x1b[K\xe2\x80\x99:\n'}
[14.391522] (gazebo_ackermann_steering_vehicle) StderrLine: {'line': b'\x1b[01m\x1b[K/home/pi/ros2_ws/src/gazebo_ackermann_steering_vehicle/src/vehicle_controller.cpp:61:71:\x1b[m\x1b[K \x1b[01;36m\x1b[Knote: \x1b[m\x1b[Kparameter passing for argument of type \xe2\x80\x98\x1b[01m\x1b[Kstd::pair<double, double>\x1b[m\x1b[K\xe2\x80\x99 when C++17 is enabled changed to match C++14 \x1b]8;;https://gcc.gnu.org/gcc-10/changes.html#empty_base\x07in GCC 10.1\x1b]8;;\x07\n'}
[14.391860] (gazebo_ackermann_steering_vehicle) StderrLine: {'line': b'   61 | std::pair<double, double> VehicleController::ackermann_steering_angle(\x1b[01;36m\x1b[K)\x1b[m\x1b[K\n'}
[14.392127] (gazebo_ackermann_steering_vehicle) StderrLine: {'line': b'      |                                                                       \x1b[01;36m\x1b[K^\x1b[m\x1b[K\n'}
[14.426944] (vesc_msgs) StdoutLine: {'line': b'[ 51%] \x1b[32m\x1b[1mLinking C shared library libvesc_msgs__rosidl_typesupport_introspection_c.so\x1b[0m\n'}
[14.468059] (-) TimerEvent: {}
[14.570003] (-) TimerEvent: {}
[14.614252] (vesc_msgs) StdoutLine: {'line': b'[ 51%] Built target vesc_msgs__rosidl_typesupport_introspection_c\n'}
[14.638922] (vesc_msgs) StdoutLine: {'line': b'[ 53%] \x1b[32mBuilding CXX object CMakeFiles/vesc_msgs__rosidl_typesupport_cpp.dir/rosidl_typesupport_cpp/vesc_msgs/msg/vesc_state_stamped__type_support.cpp.o\x1b[0m\n'}
[14.663920] (vesc_msgs) StdoutLine: {'line': b'[ 54%] \x1b[34m\x1b[1mGenerating C++ introspection for ROS interfaces\x1b[0m\n'}
[14.670111] (-) TimerEvent: {}
[14.770485] (-) TimerEvent: {}
[14.870896] (-) TimerEvent: {}
[14.971287] (-) TimerEvent: {}
[15.071719] (-) TimerEvent: {}
[15.174926] (-) TimerEvent: {}
[15.275348] (-) TimerEvent: {}
[15.375799] (-) TimerEvent: {}
[15.480142] (-) TimerEvent: {}
[15.586164] (-) TimerEvent: {}
[15.686574] (-) TimerEvent: {}
[15.786977] (-) TimerEvent: {}
[15.859730] (vesc_msgs) StdoutLine: {'line': b'[ 56%] \x1b[32mBuilding CXX object CMakeFiles/vesc_msgs__rosidl_typesupport_cpp.dir/rosidl_typesupport_cpp/vesc_msgs/msg/vesc_imu__type_support.cpp.o\x1b[0m\n'}
[15.887106] (-) TimerEvent: {}
[15.905009] (vesc_msgs) StdoutLine: {'line': b'[ 57%] \x1b[32mBuilding CXX object CMakeFiles/vesc_msgs__rosidl_typesupport_fastrtps_c.dir/rosidl_typesupport_fastrtps_c/vesc_msgs/msg/detail/vesc_state_stamped__type_support_c.cpp.o\x1b[0m\n'}
[15.987253] (-) TimerEvent: {}
[16.090922] (-) TimerEvent: {}
[16.191365] (-) TimerEvent: {}
[16.291919] (-) TimerEvent: {}
[16.395206] (-) TimerEvent: {}
[16.495688] (-) TimerEvent: {}
[16.598918] (-) TimerEvent: {}
[16.621057] (vesc_msgs) StdoutLine: {'line': b'[ 59%] \x1b[32mBuilding CXX object CMakeFiles/vesc_msgs__rosidl_typesupport_fastrtps_cpp.dir/rosidl_typesupport_fastrtps_cpp/vesc_msgs/msg/detail/dds_fastrtps/vesc_state__type_support.cpp.o\x1b[0m\n'}
[16.701922] (-) TimerEvent: {}
[16.802394] (-) TimerEvent: {}
[16.811459] (vesc_msgs) StdoutLine: {'line': b'[ 60%] \x1b[32mBuilding CXX object CMakeFiles/vesc_msgs__rosidl_typesupport_cpp.dir/rosidl_typesupport_cpp/vesc_msgs/msg/vesc_imu_stamped__type_support.cpp.o\x1b[0m\n'}
[16.818105] (vesc_msgs) StdoutLine: {'line': b'[ 62%] \x1b[32mBuilding CXX object CMakeFiles/vesc_msgs__rosidl_typesupport_introspection_cpp.dir/rosidl_typesupport_introspection_cpp/vesc_msgs/msg/detail/vesc_state__type_support.cpp.o\x1b[0m\n'}
[16.905921] (-) TimerEvent: {}
[17.009276] (-) TimerEvent: {}
[17.111872] (-) TimerEvent: {}
[17.219972] (-) TimerEvent: {}
[17.320708] (-) TimerEvent: {}
[17.421523] (-) TimerEvent: {}
[17.522161] (-) TimerEvent: {}
[17.625834] (-) TimerEvent: {}
[17.728196] (-) TimerEvent: {}
[17.832023] (-) TimerEvent: {}
[17.878534] (vesc_msgs) StdoutLine: {'line': b'[ 64%] \x1b[32mBuilding CXX object CMakeFiles/vesc_msgs__rosidl_typesupport_fastrtps_c.dir/rosidl_typesupport_fastrtps_c/vesc_msgs/msg/detail/vesc_imu__type_support_c.cpp.o\x1b[0m\n'}
[17.932149] (-) TimerEvent: {}
[18.024008] (vesc_msgs) StdoutLine: {'line': b'[ 65%] \x1b[32mBuilding CXX object CMakeFiles/vesc_msgs__rosidl_typesupport_introspection_cpp.dir/rosidl_typesupport_introspection_cpp/vesc_msgs/msg/detail/vesc_state_stamped__type_support.cpp.o\x1b[0m\n'}
[18.035921] (-) TimerEvent: {}
[18.136382] (-) TimerEvent: {}
[18.192400] (vesc_msgs) StdoutLine: {'line': b'[ 67%] \x1b[32m\x1b[1mLinking CXX shared library libvesc_msgs__rosidl_typesupport_cpp.so\x1b[0m\n'}
[18.238924] (-) TimerEvent: {}
[18.339354] (-) TimerEvent: {}
[18.410839] (vesc_msgs) StdoutLine: {'line': b'[ 67%] Built target vesc_msgs__rosidl_typesupport_cpp\n'}
[18.440910] (-) TimerEvent: {}
[18.462852] (vesc_msgs) StdoutLine: {'line': b'[ 68%] \x1b[32mBuilding CXX object CMakeFiles/vesc_msgs__rosidl_typesupport_fastrtps_c.dir/rosidl_typesupport_fastrtps_c/vesc_msgs/msg/detail/vesc_imu_stamped__type_support_c.cpp.o\x1b[0m\n'}
[18.541146] (-) TimerEvent: {}
[18.612539] (vesc_msgs) StdoutLine: {'line': b'[ 70%] \x1b[32mBuilding CXX object CMakeFiles/vesc_msgs__rosidl_typesupport_fastrtps_cpp.dir/rosidl_typesupport_fastrtps_cpp/vesc_msgs/msg/detail/dds_fastrtps/vesc_state_stamped__type_support.cpp.o\x1b[0m\n'}
[18.641281] (-) TimerEvent: {}
[18.741737] (-) TimerEvent: {}
[18.842297] (-) TimerEvent: {}
[18.945212] (-) TimerEvent: {}
[19.045760] (-) TimerEvent: {}
[19.148768] (-) TimerEvent: {}
[19.249460] (-) TimerEvent: {}
[19.352119] (-) TimerEvent: {}
[19.454067] (-) TimerEvent: {}
[19.554531] (-) TimerEvent: {}
[19.568776] (vesc_msgs) StdoutLine: {'line': b'[ 71%] \x1b[32mBuilding CXX object CMakeFiles/vesc_msgs__rosidl_typesupport_introspection_cpp.dir/rosidl_typesupport_introspection_cpp/vesc_msgs/msg/detail/vesc_imu__type_support.cpp.o\x1b[0m\n'}
[19.656939] (-) TimerEvent: {}
[19.757418] (-) TimerEvent: {}
[19.857915] (-) TimerEvent: {}
[19.958390] (-) TimerEvent: {}
[20.063152] (-) TimerEvent: {}
[20.077020] (vesc_msgs) StdoutLine: {'line': b'[ 73%] \x1b[32mBuilding CXX object CMakeFiles/vesc_msgs__rosidl_typesupport_fastrtps_cpp.dir/rosidl_typesupport_fastrtps_cpp/vesc_msgs/msg/detail/dds_fastrtps/vesc_imu__type_support.cpp.o\x1b[0m\n'}
[20.163336] (-) TimerEvent: {}
[20.231312] (vesc_msgs) StdoutLine: {'line': b'[ 75%] \x1b[32m\x1b[1mLinking CXX shared library libvesc_msgs__rosidl_typesupport_fastrtps_c.so\x1b[0m\n'}
[20.263502] (-) TimerEvent: {}
[20.368619] (-) TimerEvent: {}
[20.469444] (-) TimerEvent: {}
[20.550000] (vesc_msgs) StdoutLine: {'line': b'[ 75%] Built target vesc_msgs__rosidl_typesupport_fastrtps_c\n'}
[20.569661] (-) TimerEvent: {}
[20.578321] (vesc_msgs) StdoutLine: {'line': b'[ 76%] \x1b[32mBuilding CXX object CMakeFiles/vesc_msgs__rosidl_typesupport_introspection_cpp.dir/rosidl_typesupport_introspection_cpp/vesc_msgs/msg/detail/vesc_imu_stamped__type_support.cpp.o\x1b[0m\n'}
[20.637599] (vesc_msgs) StdoutLine: {'line': b'[ 78%] \x1b[32mBuilding CXX object CMakeFiles/vesc_msgs__rosidl_typesupport_fastrtps_cpp.dir/rosidl_typesupport_fastrtps_cpp/vesc_msgs/msg/detail/dds_fastrtps/vesc_imu_stamped__type_support.cpp.o\x1b[0m\n'}
[20.672923] (-) TimerEvent: {}
[20.773441] (-) TimerEvent: {}
[20.877311] (-) TimerEvent: {}
[20.977789] (-) TimerEvent: {}
[21.078267] (-) TimerEvent: {}
[21.180156] (-) TimerEvent: {}
[21.280617] (-) TimerEvent: {}
[21.385175] (-) TimerEvent: {}
[21.460339] (vesc_msgs) StdoutLine: {'line': b'[ 79%] \x1b[32m\x1b[1mLinking CXX shared library libvesc_msgs__rosidl_typesupport_introspection_cpp.so\x1b[0m\n'}
[21.485320] (-) TimerEvent: {}
[21.585911] (-) TimerEvent: {}
[21.690215] (-) TimerEvent: {}
[21.766109] (vesc_msgs) StdoutLine: {'line': b'[ 79%] Built target vesc_msgs__rosidl_typesupport_introspection_cpp\n'}
[21.791143] (-) TimerEvent: {}
[21.895790] (-) TimerEvent: {}
[21.996480] (-) TimerEvent: {}
[22.097920] (-) TimerEvent: {}
[22.198363] (-) TimerEvent: {}
[22.284502] (vesc_msgs) StdoutLine: {'line': b'[ 81%] \x1b[32m\x1b[1mLinking CXX shared library libvesc_msgs__rosidl_typesupport_fastrtps_cpp.so\x1b[0m\n'}
[22.298493] (-) TimerEvent: {}
[22.398878] (-) TimerEvent: {}
[22.413441] (vesc_msgs) StdoutLine: {'line': b'[ 81%] Built target vesc_msgs__rosidl_typesupport_fastrtps_cpp\n'}
[22.457991] (vesc_msgs) StdoutLine: {'line': b'[ 81%] Built target vesc_msgs\n'}
[22.499234] (-) TimerEvent: {}
[22.549380] (vesc_msgs) StdoutLine: {'line': b'[ 82%] \x1b[34m\x1b[1mGenerating Python code for ROS interfaces\x1b[0m\n'}
[22.599353] (-) TimerEvent: {}
[22.699714] (-) TimerEvent: {}
[22.800643] (-) TimerEvent: {}
[22.904270] (-) TimerEvent: {}
[23.004732] (-) TimerEvent: {}
[23.105196] (-) TimerEvent: {}
[23.207129] (-) TimerEvent: {}
[23.307572] (-) TimerEvent: {}
[23.408071] (-) TimerEvent: {}
[23.511111] (-) TimerEvent: {}
[23.611533] (-) TimerEvent: {}
[23.713902] (-) TimerEvent: {}
[23.814425] (-) TimerEvent: {}
[23.914905] (-) TimerEvent: {}
[24.015406] (-) TimerEvent: {}
[24.118917] (-) TimerEvent: {}
[24.219406] (-) TimerEvent: {}
[24.320017] (-) TimerEvent: {}
[24.421918] (-) TimerEvent: {}
[24.522400] (-) TimerEvent: {}
[24.625791] (-) TimerEvent: {}
[24.671427] (vesc_msgs) StdoutLine: {'line': b'[ 82%] Built target vesc_msgs__py\n'}
[24.728259] (-) TimerEvent: {}
[24.795261] (vesc_msgs) StdoutLine: {'line': b'[ 87%] \x1b[32mBuilding C object CMakeFiles/vesc_msgs__rosidl_generator_py.dir/rosidl_generator_py/vesc_msgs/msg/_vesc_imu_s.c.o\x1b[0m\n'}
[24.801097] (vesc_msgs) StdoutLine: {'line': b'[ 84%] \x1b[32mBuilding C object CMakeFiles/vesc_msgs__rosidl_generator_py.dir/rosidl_generator_py/vesc_msgs/msg/_vesc_state_stamped_s.c.o\x1b[0m\n'}
[24.801552] (vesc_msgs) StdoutLine: {'line': b'[ 87%] \x1b[32mBuilding C object CMakeFiles/vesc_msgs__rosidl_generator_py.dir/rosidl_generator_py/vesc_msgs/msg/_vesc_state_s.c.o\x1b[0m\n'}
[24.820160] (vesc_msgs) StdoutLine: {'line': b'[ 89%] \x1b[32mBuilding C object CMakeFiles/vesc_msgs__rosidl_generator_py.dir/rosidl_generator_py/vesc_msgs/msg/_vesc_imu_stamped_s.c.o\x1b[0m\n'}
[24.828745] (-) TimerEvent: {}
[24.933341] (-) TimerEvent: {}
[25.042930] (-) TimerEvent: {}
[25.143379] (-) TimerEvent: {}
[25.247216] (-) TimerEvent: {}
[25.347712] (-) TimerEvent: {}
[25.445516] (vesc_msgs) StdoutLine: {'line': b'[ 90%] \x1b[32m\x1b[1mLinking C shared library libvesc_msgs__rosidl_generator_py.so\x1b[0m\n'}
[25.447869] (-) TimerEvent: {}
[25.551230] (-) TimerEvent: {}
[25.589076] (vesc_msgs) StdoutLine: {'line': b'[ 90%] Built target vesc_msgs__rosidl_generator_py\n'}
[25.650100] (vesc_msgs) StdoutLine: {'line': b'[ 92%] \x1b[32mBuilding C object CMakeFiles/vesc_msgs_s__rosidl_typesupport_fastrtps_c.dir/rosidl_generator_py/vesc_msgs/_vesc_msgs_s.ep.rosidl_typesupport_fastrtps_c.c.o\x1b[0m\n'}
[25.651358] (-) TimerEvent: {}
[25.659433] (vesc_msgs) StdoutLine: {'line': b'[ 93%] \x1b[32mBuilding C object CMakeFiles/vesc_msgs_s__rosidl_typesupport_introspection_c.dir/rosidl_generator_py/vesc_msgs/_vesc_msgs_s.ep.rosidl_typesupport_introspection_c.c.o\x1b[0m\n'}
[25.668207] (vesc_msgs) StdoutLine: {'line': b'[ 95%] \x1b[32mBuilding C object CMakeFiles/vesc_msgs_s__rosidl_typesupport_c.dir/rosidl_generator_py/vesc_msgs/_vesc_msgs_s.ep.rosidl_typesupport_c.c.o\x1b[0m\n'}
[25.752920] (-) TimerEvent: {}
[25.853907] (-) TimerEvent: {}
[25.954377] (-) TimerEvent: {}
[25.971325] (vesc_msgs) StdoutLine: {'line': b'[ 96%] \x1b[32m\x1b[1mLinking C shared module rosidl_generator_py/vesc_msgs/vesc_msgs_s__rosidl_typesupport_introspection_c.so\x1b[0m\n'}
[26.054560] (-) TimerEvent: {}
[26.108019] (vesc_msgs) StdoutLine: {'line': b'[ 98%] \x1b[32m\x1b[1mLinking C shared module rosidl_generator_py/vesc_msgs/vesc_msgs_s__rosidl_typesupport_fastrtps_c.so\x1b[0m\n'}
[26.154737] (-) TimerEvent: {}
[26.179079] (vesc_msgs) StdoutLine: {'line': b'[ 98%] Built target vesc_msgs_s__rosidl_typesupport_introspection_c\n'}
[26.184186] (vesc_msgs) StdoutLine: {'line': b'[100%] \x1b[32m\x1b[1mLinking C shared module rosidl_generator_py/vesc_msgs/vesc_msgs_s__rosidl_typesupport_c.so\x1b[0m\n'}
[26.254923] (-) TimerEvent: {}
[26.295058] (vesc_msgs) StdoutLine: {'line': b'[100%] Built target vesc_msgs_s__rosidl_typesupport_fastrtps_c\n'}
[26.318092] (vesc_msgs) StdoutLine: {'line': b'[100%] Built target vesc_msgs_s__rosidl_typesupport_c\n'}
[26.347982] (vesc_msgs) CommandEnded: {'returncode': 0}
[26.348572] (vesc_msgs) JobProgress: {'identifier': 'vesc_msgs', 'progress': 'install'}
[26.355069] (-) TimerEvent: {}
[26.378934] (vesc_msgs) Command: {'cmd': ['/usr/bin/cmake', '--install', '/home/pi/ros2_ws/build/vesc_msgs'], 'cwd': '/home/pi/ros2_ws/build/vesc_msgs', 'env': OrderedDict({'LESSOPEN': '| /usr/bin/lesspipe %s', 'USER': 'pi', 'GZ_CONFIG_PATH': '/opt/ros/kilted/opt/sdformat_vendor/share/gz', 'XDG_SESSION_TYPE': 'wayland', 'CLUTTER_DISABLE_MIPMAPPED_TEXT': '1', 'SHLVL': '1', 'LD_LIBRARY_PATH': '/home/pi/ros2_ws/install/vesc_driver/lib:/home/pi/ros2_ws/install/vesc_msgs/lib:/opt/ros/kilted/opt/zenoh_cpp_vendor/lib:/opt/ros/kilted/opt/sdformat_vendor/lib:/opt/ros/kilted/opt/gz_math_vendor/lib:/opt/ros/kilted/opt/gz_utils_vendor/lib:/opt/ros/kilted/opt/rviz_ogre_vendor/lib:/opt/ros/kilted/lib/aarch64-linux-gnu:/opt/ros/kilted/opt/gz_tools_vendor/lib:/opt/ros/kilted/opt/gz_cmake_vendor/lib:/opt/ros/kilted/lib', 'HOME': '/home/pi', 'OLDPWD': '/home/pi/ros2_ws/src', 'DESKTOP_SESSION': 'ubuntu', 'ROS_PYTHON_VERSION': '3', 'GNOME_SHELL_SESSION_MODE': 'ubuntu', 'GTK_MODULES': 'gail:atk-bridge', 'SYSTEMD_EXEC_PID': '2195', 'GSM_SKIP_SSH_AGENT_WORKAROUND': 'true', 'DBUS_SESSION_BUS_ADDRESS': 'unix:path=/run/user/1000/bus', 'COLORTERM': 'truecolor', 'DEBUGINFOD_URLS': 'https://debuginfod.ubuntu.com', 'IM_CONFIG_PHASE': '1', 'WAYLAND_DISPLAY': 'wayland-0', 'COLCON_PREFIX_PATH': '/home/pi/ros2_ws/install', 'ROS_DISTRO': 'kilted', 'LOGNAME': 'pi', '_': '/usr/bin/colcon', 'ROS_VERSION': '2', 'MEMORY_PRESSURE_WATCH': '/sys/fs/cgroup/user.slice/user-1000.slice/user@1000.service/session.slice/org.gnome.Shell@wayland.service/memory.pressure', 'XDG_SESSION_CLASS': 'user', 'USERNAME': 'pi', 'TERM': 'xterm-256color', 'GNOME_DESKTOP_SESSION_ID': 'this-is-deprecated', 'PATH': '/opt/ros/kilted/opt/gz_tools_vendor/bin:/opt/ros/kilted/bin:/usr/local/sbin:/usr/local/bin:/usr/sbin:/usr/bin:/sbin:/bin:/usr/games:/usr/local/games:/snap/bin:/snap/bin', 'SESSION_MANAGER': 'local/pi-desktop:@/tmp/.ICE-unix/2158,unix/pi-desktop:/tmp/.ICE-unix/2158', 'XDG_MENU_PREFIX': 'gnome-', 'GNOME_TERMINAL_SCREEN': '/org/gnome/Terminal/screen/b6060ff1_b4c0_4e7e_98da_2ab95f683da2', 'GNOME_SETUP_DISPLAY': ':1', 'XDG_RUNTIME_DIR': '/run/user/1000', 'DISPLAY': ':0', 'LANG': 'C.UTF-8', 'XDG_CURRENT_DESKTOP': 'ubuntu:GNOME', 'XMODIFIERS': '@im=ibus', 'XDG_SESSION_DESKTOP': 'ubuntu', 'XAUTHORITY': '/run/user/1000/.mutter-Xwaylandauth.GK01I3', 'LS_COLORS': 'rs=0:di=01;34:ln=01;36:mh=00:pi=40;33:so=01;35:do=01;35:bd=40;33;01:cd=40;33;01:or=40;31;01:mi=00:su=37;41:sg=30;43:ca=00:tw=30;42:ow=34;42:st=37;44:ex=01;32:*.tar=01;31:*.tgz=01;31:*.arc=01;31:*.arj=01;31:*.taz=01;31:*.lha=01;31:*.lz4=01;31:*.lzh=01;31:*.lzma=01;31:*.tlz=01;31:*.txz=01;31:*.tzo=01;31:*.t7z=01;31:*.zip=01;31:*.z=01;31:*.dz=01;31:*.gz=01;31:*.lrz=01;31:*.lz=01;31:*.lzo=01;31:*.xz=01;31:*.zst=01;31:*.tzst=01;31:*.bz2=01;31:*.bz=01;31:*.tbz=01;31:*.tbz2=01;31:*.tz=01;31:*.deb=01;31:*.rpm=01;31:*.jar=01;31:*.war=01;31:*.ear=01;31:*.sar=01;31:*.rar=01;31:*.alz=01;31:*.ace=01;31:*.zoo=01;31:*.cpio=01;31:*.7z=01;31:*.rz=01;31:*.cab=01;31:*.wim=01;31:*.swm=01;31:*.dwm=01;31:*.esd=01;31:*.avif=01;35:*.jpg=01;35:*.jpeg=01;35:*.mjpg=01;35:*.mjpeg=01;35:*.gif=01;35:*.bmp=01;35:*.pbm=01;35:*.pgm=01;35:*.ppm=01;35:*.tga=01;35:*.xbm=01;35:*.xpm=01;35:*.tif=01;35:*.tiff=01;35:*.png=01;35:*.svg=01;35:*.svgz=01;35:*.mng=01;35:*.pcx=01;35:*.mov=01;35:*.mpg=01;35:*.mpeg=01;35:*.m2v=01;35:*.mkv=01;35:*.webm=01;35:*.webp=01;35:*.ogm=01;35:*.mp4=01;35:*.m4v=01;35:*.mp4v=01;35:*.vob=01;35:*.qt=01;35:*.nuv=01;35:*.wmv=01;35:*.asf=01;35:*.rm=01;35:*.rmvb=01;35:*.flc=01;35:*.avi=01;35:*.fli=01;35:*.flv=01;35:*.gl=01;35:*.dl=01;35:*.xcf=01;35:*.xwd=01;35:*.yuv=01;35:*.cgm=01;35:*.emf=01;35:*.ogv=01;35:*.ogx=01;35:*.aac=00;36:*.au=00;36:*.flac=00;36:*.m4a=00;36:*.mid=00;36:*.midi=00;36:*.mka=00;36:*.mp3=00;36:*.mpc=00;36:*.ogg=00;36:*.ra=00;36:*.wav=00;36:*.oga=00;36:*.opus=00;36:*.spx=00;36:*.xspf=00;36:*~=00;90:*#=00;90:*.bak=00;90:*.crdownload=00;90:*.dpkg-dist=00;90:*.dpkg-new=00;90:*.dpkg-old=00;90:*.dpkg-tmp=00;90:*.old=00;90:*.orig=00;90:*.part=00;90:*.rej=00;90:*.rpmnew=00;90:*.rpmorig=00;90:*.rpmsave=00;90:*.swp=00;90:*.tmp=00;90:*.ucf-dist=00;90:*.ucf-new=00;90:*.ucf-old=00;90:', 'GNOME_TERMINAL_SERVICE': ':1.100', 'SSH_AUTH_SOCK': '/run/user/1000/keyring/ssh', 'ROS_DOMAIN_ID': '1', 'AMENT_PREFIX_PATH': '/home/pi/ros2_ws/install/vesc:/home/pi/ros2_ws/install/vesc_driver:/home/pi/ros2_ws/install/vesc_msgs:/home/pi/ros2_ws/install/drive:/opt/ros/kilted', 'SHELL': '/bin/bash', 'QT_ACCESSIBILITY': '1', 'GDMSESSION': 'ubuntu', 'LESSCLOSE': '/usr/bin/lesspipe %s %s', 'ROS_AUTOMATIC_DISCOVERY_RANGE': 'SUBNET', 'QT_IM_MODULE': 'ibus', 'PWD': '/home/pi/ros2_ws/build/vesc_msgs', 'XDG_CONFIG_DIRS': '/etc/xdg/xdg-ubuntu:/etc/xdg', 'XDG_DATA_DIRS': '/usr/share/ubuntu:/usr/share/gnome:/usr/local/share/:/usr/share/:/var/lib/snapd/desktop', 'PYTHONPATH': '/home/pi/ros2_ws/install/vesc_msgs/lib/python3.12/site-packages:/home/pi/ros2_ws/install/drive/lib/python3.12/site-packages:/opt/ros/kilted/lib/python3.12/site-packages', 'COLCON': '1', 'MEMORY_PRESSURE_WRITE': 'c29tZSAyMDAwMDAgMjAwMDAwMAA=', 'VTE_VERSION': '7600', 'CMAKE_PREFIX_PATH': '/home/pi/ros2_ws/install/vesc:/home/pi/ros2_ws/install/vesc_driver:/home/pi/ros2_ws/install/vesc_msgs:/opt/ros/kilted/opt/sdformat_vendor:/opt/ros/kilted/opt/gz_math_vendor:/opt/ros/kilted/opt/gz_utils_vendor:/opt/ros/kilted/opt/gz_tools_vendor:/opt/ros/kilted/opt/gz_cmake_vendor:/home/pi/ros2_ws/install/drive:/opt/ros/kilted'}), 'shell': False}
[26.400354] (vesc_msgs) StdoutLine: {'line': b'-- Install configuration: ""\n'}
[26.401136] (vesc_msgs) StdoutLine: {'line': b'-- Execute custom install script\n'}
[26.402437] (vesc_msgs) StdoutLine: {'line': b'-- Symlinking: /home/pi/ros2_ws/install/vesc_msgs/share/ament_index/resource_index/rosidl_interfaces/vesc_msgs\n'}
[26.428956] (vesc_msgs) StdoutLine: {'line': b'-- Symlinking: /home/pi/ros2_ws/install/vesc_msgs/share/vesc_msgs/msg/VescState.json\n'}
[26.450453] (vesc_msgs) StdoutLine: {'line': b'-- Symlinking: /home/pi/ros2_ws/install/vesc_msgs/share/vesc_msgs/msg/VescStateStamped.json\n'}
[26.455195] (-) TimerEvent: {}
[26.481983] (vesc_msgs) StdoutLine: {'line': b'-- Symlinking: /home/pi/ros2_ws/install/vesc_msgs/share/vesc_msgs/msg/VescImu.json\n'}
[26.504380] (vesc_msgs) StdoutLine: {'line': b'-- Symlinking: /home/pi/ros2_ws/install/vesc_msgs/share/vesc_msgs/msg/VescImuStamped.json\n'}
[26.525935] (vesc_msgs) StdoutLine: {'line': b'-- Symlinking: /home/pi/ros2_ws/install/vesc_msgs/include/vesc_msgs/vesc_msgs/msg/detail/vesc_imu__functions.h\n'}
[26.547888] (vesc_msgs) StdoutLine: {'line': b'-- Symlinking: /home/pi/ros2_ws/install/vesc_msgs/include/vesc_msgs/vesc_msgs/msg/detail/vesc_imu__struct.h\n'}
[26.557910] (-) TimerEvent: {}
[26.580399] (vesc_msgs) StdoutLine: {'line': b'-- Symlinking: /home/pi/ros2_ws/install/vesc_msgs/include/vesc_msgs/vesc_msgs/msg/detail/vesc_imu__type_support.h\n'}
[26.603012] (vesc_msgs) StdoutLine: {'line': b'-- Symlinking: /home/pi/ros2_ws/install/vesc_msgs/include/vesc_msgs/vesc_msgs/msg/detail/vesc_imu_stamped__functions.h\n'}
[26.624409] (vesc_msgs) StdoutLine: {'line': b'-- Symlinking: /home/pi/ros2_ws/install/vesc_msgs/include/vesc_msgs/vesc_msgs/msg/detail/vesc_imu_stamped__struct.h\n'}
[26.646307] (vesc_msgs) StdoutLine: {'line': b'-- Symlinking: /home/pi/ros2_ws/install/vesc_msgs/include/vesc_msgs/vesc_msgs/msg/detail/vesc_imu_stamped__type_support.h\n'}
[26.658051] (-) TimerEvent: {}
[26.675888] (vesc_msgs) StdoutLine: {'line': b'-- Symlinking: /home/pi/ros2_ws/install/vesc_msgs/include/vesc_msgs/vesc_msgs/msg/detail/vesc_state__functions.h\n'}
[26.697871] (vesc_msgs) StdoutLine: {'line': b'-- Symlinking: /home/pi/ros2_ws/install/vesc_msgs/include/vesc_msgs/vesc_msgs/msg/detail/vesc_state__struct.h\n'}
[26.719110] (vesc_msgs) StdoutLine: {'line': b'-- Symlinking: /home/pi/ros2_ws/install/vesc_msgs/include/vesc_msgs/vesc_msgs/msg/detail/vesc_state__type_support.h\n'}
[26.741025] (vesc_msgs) StdoutLine: {'line': b'-- Symlinking: /home/pi/ros2_ws/install/vesc_msgs/include/vesc_msgs/vesc_msgs/msg/detail/vesc_state_stamped__functions.h\n'}
[26.760116] (-) TimerEvent: {}
[26.768079] (vesc_msgs) StdoutLine: {'line': b'-- Symlinking: /home/pi/ros2_ws/install/vesc_msgs/include/vesc_msgs/vesc_msgs/msg/detail/vesc_state_stamped__struct.h\n'}
[26.790760] (vesc_msgs) StdoutLine: {'line': b'-- Symlinking: /home/pi/ros2_ws/install/vesc_msgs/include/vesc_msgs/vesc_msgs/msg/detail/vesc_state_stamped__type_support.h\n'}
[26.812609] (vesc_msgs) StdoutLine: {'line': b'-- Symlinking: /home/pi/ros2_ws/install/vesc_msgs/include/vesc_msgs/vesc_msgs/msg/rosidl_generator_c__visibility_control.h\n'}
[26.835311] (vesc_msgs) StdoutLine: {'line': b'-- Symlinking: /home/pi/ros2_ws/install/vesc_msgs/include/vesc_msgs/vesc_msgs/msg/vesc_imu.h\n'}
[26.855714] (vesc_msgs) StdoutLine: {'line': b'-- Symlinking: /home/pi/ros2_ws/install/vesc_msgs/include/vesc_msgs/vesc_msgs/msg/vesc_imu_stamped.h\n'}
[26.860250] (-) TimerEvent: {}
[26.886495] (vesc_msgs) StdoutLine: {'line': b'-- Symlinking: /home/pi/ros2_ws/install/vesc_msgs/include/vesc_msgs/vesc_msgs/msg/vesc_state.h\n'}
[26.907605] (vesc_msgs) StdoutLine: {'line': b'-- Symlinking: /home/pi/ros2_ws/install/vesc_msgs/include/vesc_msgs/vesc_msgs/msg/vesc_state_stamped.h\n'}
[26.929570] (vesc_msgs) StdoutLine: {'line': b'-- Symlinking: /home/pi/ros2_ws/install/vesc_msgs/share/vesc_msgs/environment/library_path.sh\n'}
[26.950291] (vesc_msgs) StdoutLine: {'line': b'-- Symlinking: /home/pi/ros2_ws/install/vesc_msgs/share/vesc_msgs/environment/library_path.dsv\n'}
[26.960379] (-) TimerEvent: {}
[26.980392] (vesc_msgs) StdoutLine: {'line': b'-- Symlinking: /home/pi/ros2_ws/install/vesc_msgs/include/vesc_msgs/vesc_msgs/msg/detail/vesc_imu__rosidl_typesupport_fastrtps_c.h\n'}
[27.004344] (vesc_msgs) StdoutLine: {'line': b'-- Symlinking: /home/pi/ros2_ws/install/vesc_msgs/include/vesc_msgs/vesc_msgs/msg/detail/vesc_imu_stamped__rosidl_typesupport_fastrtps_c.h\n'}
[27.025385] (vesc_msgs) StdoutLine: {'line': b'-- Symlinking: /home/pi/ros2_ws/install/vesc_msgs/include/vesc_msgs/vesc_msgs/msg/detail/vesc_state__rosidl_typesupport_fastrtps_c.h\n'}
[27.046842] (vesc_msgs) StdoutLine: {'line': b'-- Symlinking: /home/pi/ros2_ws/install/vesc_msgs/include/vesc_msgs/vesc_msgs/msg/detail/vesc_state_stamped__rosidl_typesupport_fastrtps_c.h\n'}
[27.060518] (-) TimerEvent: {}
[27.075788] (vesc_msgs) StdoutLine: {'line': b'-- Symlinking: /home/pi/ros2_ws/install/vesc_msgs/include/vesc_msgs/vesc_msgs/msg/rosidl_typesupport_fastrtps_c__visibility_control.h\n'}
[27.097904] (vesc_msgs) StdoutLine: {'line': b'-- Symlinking: /home/pi/ros2_ws/install/vesc_msgs/include/vesc_msgs/vesc_msgs/msg/detail/vesc_imu__rosidl_typesupport_introspection_c.h\n'}
[27.120265] (vesc_msgs) StdoutLine: {'line': b'-- Symlinking: /home/pi/ros2_ws/install/vesc_msgs/include/vesc_msgs/vesc_msgs/msg/detail/vesc_imu_stamped__rosidl_typesupport_introspection_c.h\n'}
[27.141693] (vesc_msgs) StdoutLine: {'line': b'-- Symlinking: /home/pi/ros2_ws/install/vesc_msgs/include/vesc_msgs/vesc_msgs/msg/detail/vesc_state__rosidl_typesupport_introspection_c.h\n'}
[27.160652] (-) TimerEvent: {}
[27.167854] (vesc_msgs) StdoutLine: {'line': b'-- Symlinking: /home/pi/ros2_ws/install/vesc_msgs/include/vesc_msgs/vesc_msgs/msg/detail/vesc_state_stamped__rosidl_typesupport_introspection_c.h\n'}
[27.191599] (vesc_msgs) StdoutLine: {'line': b'-- Symlinking: /home/pi/ros2_ws/install/vesc_msgs/include/vesc_msgs/vesc_msgs/msg/rosidl_typesupport_introspection_c__visibility_control.h\n'}
[27.213057] (vesc_msgs) StdoutLine: {'line': b'-- Symlinking: /home/pi/ros2_ws/install/vesc_msgs/include/vesc_msgs/vesc_msgs/msg/detail/vesc_imu__builder.hpp\n'}
[27.236675] (vesc_msgs) StdoutLine: {'line': b'-- Symlinking: /home/pi/ros2_ws/install/vesc_msgs/include/vesc_msgs/vesc_msgs/msg/detail/vesc_imu__struct.hpp\n'}
[27.257902] (vesc_msgs) StdoutLine: {'line': b'-- Symlinking: /home/pi/ros2_ws/install/vesc_msgs/include/vesc_msgs/vesc_msgs/msg/detail/vesc_imu__traits.hpp\n'}
[27.260789] (-) TimerEvent: {}
[27.284362] (vesc_msgs) StdoutLine: {'line': b'-- Symlinking: /home/pi/ros2_ws/install/vesc_msgs/include/vesc_msgs/vesc_msgs/msg/detail/vesc_imu__type_support.hpp\n'}
[27.313284] (vesc_msgs) StdoutLine: {'line': b'-- Symlinking: /home/pi/ros2_ws/install/vesc_msgs/include/vesc_msgs/vesc_msgs/msg/detail/vesc_imu_stamped__builder.hpp\n'}
[27.334985] (vesc_msgs) StdoutLine: {'line': b'-- Symlinking: /home/pi/ros2_ws/install/vesc_msgs/include/vesc_msgs/vesc_msgs/msg/detail/vesc_imu_stamped__struct.hpp\n'}
[27.356276] (vesc_msgs) StdoutLine: {'line': b'-- Symlinking: /home/pi/ros2_ws/install/vesc_msgs/include/vesc_msgs/vesc_msgs/msg/detail/vesc_imu_stamped__traits.hpp\n'}
[27.360936] (-) TimerEvent: {}
[27.387140] (vesc_msgs) StdoutLine: {'line': b'-- Symlinking: /home/pi/ros2_ws/install/vesc_msgs/include/vesc_msgs/vesc_msgs/msg/detail/vesc_imu_stamped__type_support.hpp\n'}
[27.410253] (vesc_msgs) StdoutLine: {'line': b'-- Symlinking: /home/pi/ros2_ws/install/vesc_msgs/include/vesc_msgs/vesc_msgs/msg/detail/vesc_state__builder.hpp\n'}
[27.429943] (vesc_msgs) StdoutLine: {'line': b'-- Symlinking: /home/pi/ros2_ws/install/vesc_msgs/include/vesc_msgs/vesc_msgs/msg/detail/vesc_state__struct.hpp\n'}
[27.451569] (vesc_msgs) StdoutLine: {'line': b'-- Symlinking: /home/pi/ros2_ws/install/vesc_msgs/include/vesc_msgs/vesc_msgs/msg/detail/vesc_state__traits.hpp\n'}
[27.461084] (-) TimerEvent: {}
[27.477650] (vesc_msgs) StdoutLine: {'line': b'-- Symlinking: /home/pi/ros2_ws/install/vesc_msgs/include/vesc_msgs/vesc_msgs/msg/detail/vesc_state__type_support.hpp\n'}
[27.501468] (vesc_msgs) StdoutLine: {'line': b'-- Symlinking: /home/pi/ros2_ws/install/vesc_msgs/include/vesc_msgs/vesc_msgs/msg/detail/vesc_state_stamped__builder.hpp\n'}
[27.521980] (vesc_msgs) StdoutLine: {'line': b'-- Symlinking: /home/pi/ros2_ws/install/vesc_msgs/include/vesc_msgs/vesc_msgs/msg/detail/vesc_state_stamped__struct.hpp\n'}
[27.543894] (vesc_msgs) StdoutLine: {'line': b'-- Symlinking: /home/pi/ros2_ws/install/vesc_msgs/include/vesc_msgs/vesc_msgs/msg/detail/vesc_state_stamped__traits.hpp\n'}
[27.561228] (-) TimerEvent: {}
[27.571716] (vesc_msgs) StdoutLine: {'line': b'-- Symlinking: /home/pi/ros2_ws/install/vesc_msgs/include/vesc_msgs/vesc_msgs/msg/detail/vesc_state_stamped__type_support.hpp\n'}
[27.593553] (vesc_msgs) StdoutLine: {'line': b'-- Symlinking: /home/pi/ros2_ws/install/vesc_msgs/include/vesc_msgs/vesc_msgs/msg/rosidl_generator_cpp__visibility_control.hpp\n'}
[27.614733] (vesc_msgs) StdoutLine: {'line': b'-- Symlinking: /home/pi/ros2_ws/install/vesc_msgs/include/vesc_msgs/vesc_msgs/msg/vesc_imu.hpp\n'}
[27.636441] (vesc_msgs) StdoutLine: {'line': b'-- Symlinking: /home/pi/ros2_ws/install/vesc_msgs/include/vesc_msgs/vesc_msgs/msg/vesc_imu_stamped.hpp\n'}
[27.657944] (vesc_msgs) StdoutLine: {'line': b'-- Symlinking: /home/pi/ros2_ws/install/vesc_msgs/include/vesc_msgs/vesc_msgs/msg/vesc_state.hpp\n'}
[27.661370] (-) TimerEvent: {}
[27.685926] (vesc_msgs) StdoutLine: {'line': b'-- Symlinking: /home/pi/ros2_ws/install/vesc_msgs/include/vesc_msgs/vesc_msgs/msg/vesc_state_stamped.hpp\n'}
[27.707279] (vesc_msgs) StdoutLine: {'line': b'-- Symlinking: /home/pi/ros2_ws/install/vesc_msgs/include/vesc_msgs/vesc_msgs/msg/detail/vesc_imu__rosidl_typesupport_fastrtps_cpp.hpp\n'}
[27.728548] (vesc_msgs) StdoutLine: {'line': b'-- Symlinking: /home/pi/ros2_ws/install/vesc_msgs/include/vesc_msgs/vesc_msgs/msg/detail/vesc_imu_stamped__rosidl_typesupport_fastrtps_cpp.hpp\n'}
[27.750163] (vesc_msgs) StdoutLine: {'line': b'-- Symlinking: /home/pi/ros2_ws/install/vesc_msgs/include/vesc_msgs/vesc_msgs/msg/detail/vesc_state__rosidl_typesupport_fastrtps_cpp.hpp\n'}
[27.761540] (-) TimerEvent: {}
[27.775849] (vesc_msgs) StdoutLine: {'line': b'-- Symlinking: /home/pi/ros2_ws/install/vesc_msgs/include/vesc_msgs/vesc_msgs/msg/detail/vesc_state_stamped__rosidl_typesupport_fastrtps_cpp.hpp\n'}
[27.798609] (vesc_msgs) StdoutLine: {'line': b'-- Symlinking: /home/pi/ros2_ws/install/vesc_msgs/include/vesc_msgs/vesc_msgs/msg/rosidl_typesupport_fastrtps_cpp__visibility_control.h\n'}
[27.820838] (vesc_msgs) StdoutLine: {'line': b'-- Symlinking: /home/pi/ros2_ws/install/vesc_msgs/include/vesc_msgs/vesc_msgs/msg/detail/vesc_imu__rosidl_typesupport_introspection_cpp.hpp\n'}
[27.842389] (vesc_msgs) StdoutLine: {'line': b'-- Symlinking: /home/pi/ros2_ws/install/vesc_msgs/include/vesc_msgs/vesc_msgs/msg/detail/vesc_imu_stamped__rosidl_typesupport_introspection_cpp.hpp\n'}
[27.861680] (-) TimerEvent: {}
[27.866876] (vesc_msgs) StdoutLine: {'line': b'-- Symlinking: /home/pi/ros2_ws/install/vesc_msgs/include/vesc_msgs/vesc_msgs/msg/detail/vesc_state__rosidl_typesupport_introspection_cpp.hpp\n'}
[27.890036] (vesc_msgs) StdoutLine: {'line': b'-- Symlinking: /home/pi/ros2_ws/install/vesc_msgs/include/vesc_msgs/vesc_msgs/msg/detail/vesc_state_stamped__rosidl_typesupport_introspection_cpp.hpp\n'}
[27.912417] (vesc_msgs) StdoutLine: {'line': b'-- Symlinking: /home/pi/ros2_ws/install/vesc_msgs/share/vesc_msgs/environment/pythonpath.sh\n'}
[27.934144] (vesc_msgs) StdoutLine: {'line': b'-- Symlinking: /home/pi/ros2_ws/install/vesc_msgs/share/vesc_msgs/environment/pythonpath.dsv\n'}
[27.956388] (vesc_msgs) StdoutLine: {'line': b'-- Symlinking: /home/pi/ros2_ws/install/vesc_msgs/lib/python3.12/site-packages/vesc_msgs-1.1.0-py3.12.egg-info/PKG-INFO\n'}
[27.961860] (-) TimerEvent: {}
[27.983005] (vesc_msgs) StdoutLine: {'line': b'-- Symlinking: /home/pi/ros2_ws/install/vesc_msgs/lib/python3.12/site-packages/vesc_msgs-1.1.0-py3.12.egg-info/SOURCES.txt\n'}
[28.005204] (vesc_msgs) StdoutLine: {'line': b'-- Symlinking: /home/pi/ros2_ws/install/vesc_msgs/lib/python3.12/site-packages/vesc_msgs-1.1.0-py3.12.egg-info/dependency_links.txt\n'}
[28.027955] (vesc_msgs) StdoutLine: {'line': b'-- Symlinking: /home/pi/ros2_ws/install/vesc_msgs/lib/python3.12/site-packages/vesc_msgs-1.1.0-py3.12.egg-info/top_level.txt\n'}
[28.050048] (vesc_msgs) StdoutLine: {'line': b'-- Symlinking: /home/pi/ros2_ws/install/vesc_msgs/lib/python3.12/site-packages/vesc_msgs/__init__.py\n'}
[28.061929] (-) TimerEvent: {}
[28.076333] (vesc_msgs) StdoutLine: {'line': b'-- Symlinking: /home/pi/ros2_ws/install/vesc_msgs/lib/python3.12/site-packages/vesc_msgs/_vesc_msgs_s.ep.rosidl_typesupport_c.c\n'}
[28.098212] (vesc_msgs) StdoutLine: {'line': b'-- Symlinking: /home/pi/ros2_ws/install/vesc_msgs/lib/python3.12/site-packages/vesc_msgs/_vesc_msgs_s.ep.rosidl_typesupport_fastrtps_c.c\n'}
[28.119713] (vesc_msgs) StdoutLine: {'line': b'-- Symlinking: /home/pi/ros2_ws/install/vesc_msgs/lib/python3.12/site-packages/vesc_msgs/_vesc_msgs_s.ep.rosidl_typesupport_introspection_c.c\n'}
[28.141281] (vesc_msgs) StdoutLine: {'line': b'-- Symlinking: /home/pi/ros2_ws/install/vesc_msgs/lib/python3.12/site-packages/vesc_msgs/msg/__init__.py\n'}
[28.162066] (-) TimerEvent: {}
[28.165852] (vesc_msgs) StdoutLine: {'line': b'-- Symlinking: /home/pi/ros2_ws/install/vesc_msgs/lib/python3.12/site-packages/vesc_msgs/msg/_vesc_imu.py\n'}
[28.190405] (vesc_msgs) StdoutLine: {'line': b'-- Symlinking: /home/pi/ros2_ws/install/vesc_msgs/lib/python3.12/site-packages/vesc_msgs/msg/_vesc_imu_s.c\n'}
[28.212864] (vesc_msgs) StdoutLine: {'line': b'-- Symlinking: /home/pi/ros2_ws/install/vesc_msgs/lib/python3.12/site-packages/vesc_msgs/msg/_vesc_imu_stamped.py\n'}
[28.235668] (vesc_msgs) StdoutLine: {'line': b'-- Symlinking: /home/pi/ros2_ws/install/vesc_msgs/lib/python3.12/site-packages/vesc_msgs/msg/_vesc_imu_stamped_s.c\n'}
[28.258139] (vesc_msgs) StdoutLine: {'line': b'-- Symlinking: /home/pi/ros2_ws/install/vesc_msgs/lib/python3.12/site-packages/vesc_msgs/msg/_vesc_state.py\n'}
[28.262183] (-) TimerEvent: {}
[28.286173] (vesc_msgs) StdoutLine: {'line': b'-- Symlinking: /home/pi/ros2_ws/install/vesc_msgs/lib/python3.12/site-packages/vesc_msgs/msg/_vesc_state_s.c\n'}
[28.307994] (vesc_msgs) StdoutLine: {'line': b'-- Symlinking: /home/pi/ros2_ws/install/vesc_msgs/lib/python3.12/site-packages/vesc_msgs/msg/_vesc_state_stamped.py\n'}
[28.329475] (vesc_msgs) StdoutLine: {'line': b'-- Symlinking: /home/pi/ros2_ws/install/vesc_msgs/lib/python3.12/site-packages/vesc_msgs/msg/_vesc_state_stamped_s.c\n'}
[28.350884] (vesc_msgs) StdoutLine: {'line': b'-- Symlinking: /home/pi/ros2_ws/install/vesc_msgs/lib/python3.12/site-packages/vesc_msgs/vesc_msgs_s__rosidl_typesupport_c.so\n'}
[28.362336] (-) TimerEvent: {}
[28.376737] (vesc_msgs) StdoutLine: {'line': b'-- Symlinking: /home/pi/ros2_ws/install/vesc_msgs/lib/python3.12/site-packages/vesc_msgs/vesc_msgs_s__rosidl_typesupport_fastrtps_c.so\n'}
[28.398864] (vesc_msgs) StdoutLine: {'line': b'-- Symlinking: /home/pi/ros2_ws/install/vesc_msgs/lib/python3.12/site-packages/vesc_msgs/vesc_msgs_s__rosidl_typesupport_introspection_c.so\n'}
[28.421233] (vesc_msgs) StdoutLine: {'line': b'-- Up-to-date symlink: /home/pi/ros2_ws/install/vesc_msgs/lib/python3.12/site-packages/vesc_msgs/vesc_msgs_s__rosidl_typesupport_fastrtps_c.so\n'}
[28.421711] (vesc_msgs) StdoutLine: {'line': b'-- Up-to-date symlink: /home/pi/ros2_ws/install/vesc_msgs/lib/python3.12/site-packages/vesc_msgs/vesc_msgs_s__rosidl_typesupport_introspection_c.so\n'}
[28.422292] (vesc_msgs) StdoutLine: {'line': b'-- Up-to-date symlink: /home/pi/ros2_ws/install/vesc_msgs/lib/python3.12/site-packages/vesc_msgs/vesc_msgs_s__rosidl_typesupport_c.so\n'}
[28.422696] (vesc_msgs) StdoutLine: {'line': b'-- Symlinking: /home/pi/ros2_ws/install/vesc_msgs/share/vesc_msgs/msg/VescState.idl\n'}
[28.444972] (vesc_msgs) StdoutLine: {'line': b'-- Symlinking: /home/pi/ros2_ws/install/vesc_msgs/share/vesc_msgs/msg/VescStateStamped.idl\n'}
[28.462470] (-) TimerEvent: {}
[28.474353] (vesc_msgs) StdoutLine: {'line': b'-- Symlinking: /home/pi/ros2_ws/install/vesc_msgs/share/vesc_msgs/msg/VescImu.idl\n'}
[28.495690] (vesc_msgs) StdoutLine: {'line': b'-- Symlinking: /home/pi/ros2_ws/install/vesc_msgs/share/vesc_msgs/msg/VescImuStamped.idl\n'}
[28.518865] (vesc_msgs) StdoutLine: {'line': b'-- Symlinking: /home/pi/ros2_ws/install/vesc_msgs/share/vesc_msgs/msg/VescState.msg\n'}
[28.542108] (vesc_msgs) StdoutLine: {'line': b'-- Symlinking: /home/pi/ros2_ws/install/vesc_msgs/share/vesc_msgs/msg/VescStateStamped.msg\n'}
[28.562991] (-) TimerEvent: {}
[28.571017] (vesc_msgs) StdoutLine: {'line': b'-- Symlinking: /home/pi/ros2_ws/install/vesc_msgs/share/vesc_msgs/msg/VescImu.msg\n'}
[28.593889] (vesc_msgs) StdoutLine: {'line': b'-- Symlinking: /home/pi/ros2_ws/install/vesc_msgs/share/vesc_msgs/msg/VescImuStamped.msg\n'}
[28.615220] (vesc_msgs) StdoutLine: {'line': b'-- Symlinking: /home/pi/ros2_ws/install/vesc_msgs/share/ament_index/resource_index/package_run_dependencies/vesc_msgs\n'}
[28.637034] (vesc_msgs) StdoutLine: {'line': b'-- Symlinking: /home/pi/ros2_ws/install/vesc_msgs/share/ament_index/resource_index/parent_prefix_path/vesc_msgs\n'}
[28.659034] (vesc_msgs) StdoutLine: {'line': b'-- Symlinking: /home/pi/ros2_ws/install/vesc_msgs/share/vesc_msgs/environment/ament_prefix_path.sh\n'}
[28.663114] (-) TimerEvent: {}
[28.695619] (vesc_msgs) StdoutLine: {'line': b'-- Symlinking: /home/pi/ros2_ws/install/vesc_msgs/share/vesc_msgs/environment/ament_prefix_path.dsv\n'}
[28.718715] (vesc_msgs) StdoutLine: {'line': b'-- Symlinking: /home/pi/ros2_ws/install/vesc_msgs/share/vesc_msgs/environment/path.sh\n'}
[28.742174] (vesc_msgs) StdoutLine: {'line': b'-- Symlinking: /home/pi/ros2_ws/install/vesc_msgs/share/vesc_msgs/environment/path.dsv\n'}
[28.763265] (-) TimerEvent: {}
[28.772066] (vesc_msgs) StdoutLine: {'line': b'-- Symlinking: /home/pi/ros2_ws/install/vesc_msgs/share/vesc_msgs/local_setup.bash\n'}
[28.801826] (vesc_msgs) StdoutLine: {'line': b'-- Symlinking: /home/pi/ros2_ws/install/vesc_msgs/share/vesc_msgs/local_setup.sh\n'}
[28.825521] (vesc_msgs) StdoutLine: {'line': b'-- Symlinking: /home/pi/ros2_ws/install/vesc_msgs/share/vesc_msgs/local_setup.zsh\n'}
[28.848839] (vesc_msgs) StdoutLine: {'line': b'-- Symlinking: /home/pi/ros2_ws/install/vesc_msgs/share/vesc_msgs/local_setup.dsv\n'}
[28.863417] (-) TimerEvent: {}
[28.876017] (vesc_msgs) StdoutLine: {'line': b'-- Symlinking: /home/pi/ros2_ws/install/vesc_msgs/share/vesc_msgs/package.dsv\n'}
[28.901768] (vesc_msgs) StdoutLine: {'line': b'-- Symlinking: /home/pi/ros2_ws/install/vesc_msgs/share/ament_index/resource_index/packages/vesc_msgs\n'}
[28.924731] (vesc_msgs) StdoutLine: {'line': b'-- Symlinking: /home/pi/ros2_ws/install/vesc_msgs/share/vesc_msgs/cmake/rosidl_cmake-extras.cmake\n'}
[28.946618] (vesc_msgs) StdoutLine: {'line': b'-- Symlinking: /home/pi/ros2_ws/install/vesc_msgs/share/vesc_msgs/cmake/ament_cmake_export_dependencies-extras.cmake\n'}
[28.963564] (-) TimerEvent: {}
[28.974901] (vesc_msgs) StdoutLine: {'line': b'-- Symlinking: /home/pi/ros2_ws/install/vesc_msgs/share/vesc_msgs/cmake/ament_cmake_export_include_directories-extras.cmake\n'}
[29.001402] (vesc_msgs) StdoutLine: {'line': b'-- Symlinking: /home/pi/ros2_ws/install/vesc_msgs/share/vesc_msgs/cmake/ament_cmake_export_libraries-extras.cmake\n'}
[29.023672] (vesc_msgs) StdoutLine: {'line': b'-- Symlinking: /home/pi/ros2_ws/install/vesc_msgs/share/vesc_msgs/cmake/ament_cmake_export_targets-extras.cmake\n'}
[29.045440] (vesc_msgs) StdoutLine: {'line': b'-- Symlinking: /home/pi/ros2_ws/install/vesc_msgs/share/vesc_msgs/cmake/rosidl_cmake_export_typesupport_targets-extras.cmake\n'}
[29.063713] (-) TimerEvent: {}
[29.067595] (vesc_msgs) StdoutLine: {'line': b'-- Symlinking: /home/pi/ros2_ws/install/vesc_msgs/share/vesc_msgs/cmake/rosidl_cmake_export_typesupport_libraries-extras.cmake\n'}
[29.097767] (vesc_msgs) StdoutLine: {'line': b'-- Symlinking: /home/pi/ros2_ws/install/vesc_msgs/share/vesc_msgs/cmake/vesc_msgsConfig.cmake\n'}
[29.123191] (vesc_msgs) StdoutLine: {'line': b'-- Symlinking: /home/pi/ros2_ws/install/vesc_msgs/share/vesc_msgs/cmake/vesc_msgsConfig-version.cmake\n'}
[29.150870] (vesc_msgs) StdoutLine: {'line': b'-- Symlinking: /home/pi/ros2_ws/install/vesc_msgs/share/vesc_msgs/package.xml\n'}
[29.167913] (-) TimerEvent: {}
[29.178387] (vesc_msgs) StdoutLine: {'line': b'-- Installing: /home/pi/ros2_ws/install/vesc_msgs/lib/libvesc_msgs__rosidl_generator_c.so\n'}
[29.179397] (vesc_msgs) StdoutLine: {'line': b'-- Set non-toolchain portion of runtime path of "/home/pi/ros2_ws/install/vesc_msgs/lib/libvesc_msgs__rosidl_generator_c.so" to ""\n'}
[29.180234] (vesc_msgs) StdoutLine: {'line': b'-- Installing: /home/pi/ros2_ws/install/vesc_msgs/lib/libvesc_msgs__rosidl_typesupport_fastrtps_c.so\n'}
[29.186986] (vesc_msgs) StdoutLine: {'line': b'-- Set non-toolchain portion of runtime path of "/home/pi/ros2_ws/install/vesc_msgs/lib/libvesc_msgs__rosidl_typesupport_fastrtps_c.so" to ""\n'}
[29.188125] (vesc_msgs) StdoutLine: {'line': b'-- Installing: /home/pi/ros2_ws/install/vesc_msgs/lib/libvesc_msgs__rosidl_typesupport_introspection_c.so\n'}
[29.190434] (vesc_msgs) StdoutLine: {'line': b'-- Set non-toolchain portion of runtime path of "/home/pi/ros2_ws/install/vesc_msgs/lib/libvesc_msgs__rosidl_typesupport_introspection_c.so" to ""\n'}
[29.190770] (vesc_msgs) StdoutLine: {'line': b'-- Installing: /home/pi/ros2_ws/install/vesc_msgs/lib/libvesc_msgs__rosidl_typesupport_c.so\n'}
[29.191916] (vesc_msgs) StdoutLine: {'line': b'-- Set non-toolchain portion of runtime path of "/home/pi/ros2_ws/install/vesc_msgs/lib/libvesc_msgs__rosidl_typesupport_c.so" to ""\n'}
[29.192986] (vesc_msgs) StdoutLine: {'line': b'-- Installing: /home/pi/ros2_ws/install/vesc_msgs/lib/libvesc_msgs__rosidl_typesupport_fastrtps_cpp.so\n'}
[29.194030] (vesc_msgs) StdoutLine: {'line': b'-- Set non-toolchain portion of runtime path of "/home/pi/ros2_ws/install/vesc_msgs/lib/libvesc_msgs__rosidl_typesupport_fastrtps_cpp.so" to ""\n'}
[29.195290] (vesc_msgs) StdoutLine: {'line': b'-- Installing: /home/pi/ros2_ws/install/vesc_msgs/lib/libvesc_msgs__rosidl_typesupport_introspection_cpp.so\n'}
[29.196511] (vesc_msgs) StdoutLine: {'line': b'-- Set non-toolchain portion of runtime path of "/home/pi/ros2_ws/install/vesc_msgs/lib/libvesc_msgs__rosidl_typesupport_introspection_cpp.so" to ""\n'}
[29.198457] (vesc_msgs) StdoutLine: {'line': b'-- Installing: /home/pi/ros2_ws/install/vesc_msgs/lib/libvesc_msgs__rosidl_typesupport_cpp.so\n'}
[29.199214] (vesc_msgs) StdoutLine: {'line': b'-- Set non-toolchain portion of runtime path of "/home/pi/ros2_ws/install/vesc_msgs/lib/libvesc_msgs__rosidl_typesupport_cpp.so" to ""\n'}
[29.268929] (-) TimerEvent: {}
[29.326149] (vesc_msgs) StdoutLine: {'line': b"Listing '/home/pi/ros2_ws/install/vesc_msgs/lib/python3.12/site-packages/vesc_msgs'...\n"}
[29.326508] (vesc_msgs) StdoutLine: {'line': b"Compiling '/home/pi/ros2_ws/install/vesc_msgs/lib/python3.12/site-packages/vesc_msgs/__init__.py'...\n"}
[29.326688] (vesc_msgs) StdoutLine: {'line': b"Listing '/home/pi/ros2_ws/install/vesc_msgs/lib/python3.12/site-packages/vesc_msgs/msg'...\n"}
[29.326882] (vesc_msgs) StdoutLine: {'line': b"Compiling '/home/pi/ros2_ws/install/vesc_msgs/lib/python3.12/site-packages/vesc_msgs/msg/__init__.py'...\n"}
[29.327069] (vesc_msgs) StdoutLine: {'line': b"Compiling '/home/pi/ros2_ws/install/vesc_msgs/lib/python3.12/site-packages/vesc_msgs/msg/_vesc_imu.py'...\n"}
[29.327213] (vesc_msgs) StdoutLine: {'line': b"Compiling '/home/pi/ros2_ws/install/vesc_msgs/lib/python3.12/site-packages/vesc_msgs/msg/_vesc_imu_stamped.py'...\n"}
[29.327352] (vesc_msgs) StdoutLine: {'line': b"Compiling '/home/pi/ros2_ws/install/vesc_msgs/lib/python3.12/site-packages/vesc_msgs/msg/_vesc_state.py'...\n"}
[29.327468] (vesc_msgs) StdoutLine: {'line': b"Compiling '/home/pi/ros2_ws/install/vesc_msgs/lib/python3.12/site-packages/vesc_msgs/msg/_vesc_state_stamped.py'...\n"}
[29.354552] (vesc_msgs) StdoutLine: {'line': b'-- Installing: /home/pi/ros2_ws/install/vesc_msgs/lib/libvesc_msgs__rosidl_generator_py.so\n'}
[29.355655] (vesc_msgs) StdoutLine: {'line': b'-- Set non-toolchain portion of runtime path of "/home/pi/ros2_ws/install/vesc_msgs/lib/libvesc_msgs__rosidl_generator_py.so" to ""\n'}
[29.356469] (vesc_msgs) StdoutLine: {'line': b'-- Installing: /home/pi/ros2_ws/install/vesc_msgs/share/vesc_msgs/cmake/export_vesc_msgs__rosidl_generator_cExport.cmake\n'}
[29.357469] (vesc_msgs) StdoutLine: {'line': b'-- Installing: /home/pi/ros2_ws/install/vesc_msgs/share/vesc_msgs/cmake/export_vesc_msgs__rosidl_generator_cExport-noconfig.cmake\n'}
[29.358513] (vesc_msgs) StdoutLine: {'line': b'-- Installing: /home/pi/ros2_ws/install/vesc_msgs/share/vesc_msgs/cmake/export_vesc_msgs__rosidl_typesupport_fastrtps_cExport.cmake\n'}
[29.359661] (vesc_msgs) StdoutLine: {'line': b'-- Installing: /home/pi/ros2_ws/install/vesc_msgs/share/vesc_msgs/cmake/export_vesc_msgs__rosidl_typesupport_fastrtps_cExport-noconfig.cmake\n'}
[29.360662] (vesc_msgs) StdoutLine: {'line': b'-- Installing: /home/pi/ros2_ws/install/vesc_msgs/share/vesc_msgs/cmake/vesc_msgs__rosidl_typesupport_introspection_cExport.cmake\n'}
[29.361679] (vesc_msgs) StdoutLine: {'line': b'-- Installing: /home/pi/ros2_ws/install/vesc_msgs/share/vesc_msgs/cmake/vesc_msgs__rosidl_typesupport_introspection_cExport-noconfig.cmake\n'}
[29.362705] (vesc_msgs) StdoutLine: {'line': b'-- Installing: /home/pi/ros2_ws/install/vesc_msgs/share/vesc_msgs/cmake/vesc_msgs__rosidl_typesupport_cExport.cmake\n'}
[29.363557] (vesc_msgs) StdoutLine: {'line': b'-- Installing: /home/pi/ros2_ws/install/vesc_msgs/share/vesc_msgs/cmake/vesc_msgs__rosidl_typesupport_cExport-noconfig.cmake\n'}
[29.364549] (vesc_msgs) StdoutLine: {'line': b'-- Installing: /home/pi/ros2_ws/install/vesc_msgs/share/vesc_msgs/cmake/export_vesc_msgs__rosidl_generator_cppExport.cmake\n'}
[29.365620] (vesc_msgs) StdoutLine: {'line': b'-- Installing: /home/pi/ros2_ws/install/vesc_msgs/share/vesc_msgs/cmake/export_vesc_msgs__rosidl_typesupport_fastrtps_cppExport.cmake\n'}
[29.366769] (vesc_msgs) StdoutLine: {'line': b'-- Installing: /home/pi/ros2_ws/install/vesc_msgs/share/vesc_msgs/cmake/export_vesc_msgs__rosidl_typesupport_fastrtps_cppExport-noconfig.cmake\n'}
[29.368325] (vesc_msgs) StdoutLine: {'line': b'-- Installing: /home/pi/ros2_ws/install/vesc_msgs/share/vesc_msgs/cmake/vesc_msgs__rosidl_typesupport_introspection_cppExport.cmake\n'}
[29.368634] (vesc_msgs) StdoutLine: {'line': b'-- Installing: /home/pi/ros2_ws/install/vesc_msgs/share/vesc_msgs/cmake/vesc_msgs__rosidl_typesupport_introspection_cppExport-noconfig.cmake\n'}
[29.369490] (vesc_msgs) StdoutLine: {'line': b'-- Installing: /home/pi/ros2_ws/install/vesc_msgs/share/vesc_msgs/cmake/vesc_msgs__rosidl_typesupport_cppExport.cmake\n'}
[29.369784] (-) TimerEvent: {}
[29.374648] (vesc_msgs) StdoutLine: {'line': b'-- Installing: /home/pi/ros2_ws/install/vesc_msgs/share/vesc_msgs/cmake/vesc_msgs__rosidl_typesupport_cppExport-noconfig.cmake\n'}
[29.375004] (vesc_msgs) StdoutLine: {'line': b'-- Installing: /home/pi/ros2_ws/install/vesc_msgs/share/vesc_msgs/cmake/export_vesc_msgs__rosidl_generator_pyExport.cmake\n'}
[29.375331] (vesc_msgs) StdoutLine: {'line': b'-- Installing: /home/pi/ros2_ws/install/vesc_msgs/share/vesc_msgs/cmake/export_vesc_msgs__rosidl_generator_pyExport-noconfig.cmake\n'}
[29.388065] (vesc_msgs) CommandEnded: {'returncode': 0}
[29.466037] (vesc_msgs) JobEnded: {'identifier': 'vesc_msgs', 'rc': 0}
[29.467498] (vesc_driver) JobStarted: {'identifier': 'vesc_driver'}
[29.469948] (-) TimerEvent: {}
[29.508919] (vesc_driver) JobProgress: {'identifier': 'vesc_driver', 'progress': 'cmake'}
[29.509025] (vesc_driver) Command: {'cmd': ['/usr/bin/cmake', '/home/pi/ros2_ws/src/vesc/vesc_driver', '-DAMENT_CMAKE_SYMLINK_INSTALL=1', '-DCMAKE_INSTALL_PREFIX=/home/pi/ros2_ws/install/vesc_driver'], 'cwd': '/home/pi/ros2_ws/build/vesc_driver', 'env': OrderedDict({'LESSOPEN': '| /usr/bin/lesspipe %s', 'USER': 'pi', 'GZ_CONFIG_PATH': '/opt/ros/kilted/opt/sdformat_vendor/share/gz', 'XDG_SESSION_TYPE': 'wayland', 'CLUTTER_DISABLE_MIPMAPPED_TEXT': '1', 'SHLVL': '1', 'LD_LIBRARY_PATH': '/home/pi/ros2_ws/install/vesc_msgs/lib:/home/pi/ros2_ws/install/vesc_driver/lib:/opt/ros/kilted/opt/zenoh_cpp_vendor/lib:/opt/ros/kilted/opt/sdformat_vendor/lib:/opt/ros/kilted/opt/gz_math_vendor/lib:/opt/ros/kilted/opt/gz_utils_vendor/lib:/opt/ros/kilted/opt/rviz_ogre_vendor/lib:/opt/ros/kilted/lib/aarch64-linux-gnu:/opt/ros/kilted/opt/gz_tools_vendor/lib:/opt/ros/kilted/opt/gz_cmake_vendor/lib:/opt/ros/kilted/lib', 'HOME': '/home/pi', 'OLDPWD': '/home/pi/ros2_ws/src', 'DESKTOP_SESSION': 'ubuntu', 'ROS_PYTHON_VERSION': '3', 'GNOME_SHELL_SESSION_MODE': 'ubuntu', 'GTK_MODULES': 'gail:atk-bridge', 'SYSTEMD_EXEC_PID': '2195', 'GSM_SKIP_SSH_AGENT_WORKAROUND': 'true', 'DBUS_SESSION_BUS_ADDRESS': 'unix:path=/run/user/1000/bus', 'COLORTERM': 'truecolor', 'DEBUGINFOD_URLS': 'https://debuginfod.ubuntu.com', 'IM_CONFIG_PHASE': '1', 'WAYLAND_DISPLAY': 'wayland-0', 'COLCON_PREFIX_PATH': '/home/pi/ros2_ws/install', 'ROS_DISTRO': 'kilted', 'LOGNAME': 'pi', '_': '/usr/bin/colcon', 'ROS_VERSION': '2', 'MEMORY_PRESSURE_WATCH': '/sys/fs/cgroup/user.slice/user-1000.slice/user@1000.service/session.slice/org.gnome.Shell@wayland.service/memory.pressure', 'XDG_SESSION_CLASS': 'user', 'USERNAME': 'pi', 'TERM': 'xterm-256color', 'GNOME_DESKTOP_SESSION_ID': 'this-is-deprecated', 'PATH': '/opt/ros/kilted/opt/gz_tools_vendor/bin:/opt/ros/kilted/bin:/usr/local/sbin:/usr/local/bin:/usr/sbin:/usr/bin:/sbin:/bin:/usr/games:/usr/local/games:/snap/bin:/snap/bin', 'SESSION_MANAGER': 'local/pi-desktop:@/tmp/.ICE-unix/2158,unix/pi-desktop:/tmp/.ICE-unix/2158', 'XDG_MENU_PREFIX': 'gnome-', 'GNOME_TERMINAL_SCREEN': '/org/gnome/Terminal/screen/b6060ff1_b4c0_4e7e_98da_2ab95f683da2', 'GNOME_SETUP_DISPLAY': ':1', 'XDG_RUNTIME_DIR': '/run/user/1000', 'DISPLAY': ':0', 'LANG': 'C.UTF-8', 'XDG_CURRENT_DESKTOP': 'ubuntu:GNOME', 'XMODIFIERS': '@im=ibus', 'XDG_SESSION_DESKTOP': 'ubuntu', 'XAUTHORITY': '/run/user/1000/.mutter-Xwaylandauth.GK01I3', 'LS_COLORS': 'rs=0:di=01;34:ln=01;36:mh=00:pi=40;33:so=01;35:do=01;35:bd=40;33;01:cd=40;33;01:or=40;31;01:mi=00:su=37;41:sg=30;43:ca=00:tw=30;42:ow=34;42:st=37;44:ex=01;32:*.tar=01;31:*.tgz=01;31:*.arc=01;31:*.arj=01;31:*.taz=01;31:*.lha=01;31:*.lz4=01;31:*.lzh=01;31:*.lzma=01;31:*.tlz=01;31:*.txz=01;31:*.tzo=01;31:*.t7z=01;31:*.zip=01;31:*.z=01;31:*.dz=01;31:*.gz=01;31:*.lrz=01;31:*.lz=01;31:*.lzo=01;31:*.xz=01;31:*.zst=01;31:*.tzst=01;31:*.bz2=01;31:*.bz=01;31:*.tbz=01;31:*.tbz2=01;31:*.tz=01;31:*.deb=01;31:*.rpm=01;31:*.jar=01;31:*.war=01;31:*.ear=01;31:*.sar=01;31:*.rar=01;31:*.alz=01;31:*.ace=01;31:*.zoo=01;31:*.cpio=01;31:*.7z=01;31:*.rz=01;31:*.cab=01;31:*.wim=01;31:*.swm=01;31:*.dwm=01;31:*.esd=01;31:*.avif=01;35:*.jpg=01;35:*.jpeg=01;35:*.mjpg=01;35:*.mjpeg=01;35:*.gif=01;35:*.bmp=01;35:*.pbm=01;35:*.pgm=01;35:*.ppm=01;35:*.tga=01;35:*.xbm=01;35:*.xpm=01;35:*.tif=01;35:*.tiff=01;35:*.png=01;35:*.svg=01;35:*.svgz=01;35:*.mng=01;35:*.pcx=01;35:*.mov=01;35:*.mpg=01;35:*.mpeg=01;35:*.m2v=01;35:*.mkv=01;35:*.webm=01;35:*.webp=01;35:*.ogm=01;35:*.mp4=01;35:*.m4v=01;35:*.mp4v=01;35:*.vob=01;35:*.qt=01;35:*.nuv=01;35:*.wmv=01;35:*.asf=01;35:*.rm=01;35:*.rmvb=01;35:*.flc=01;35:*.avi=01;35:*.fli=01;35:*.flv=01;35:*.gl=01;35:*.dl=01;35:*.xcf=01;35:*.xwd=01;35:*.yuv=01;35:*.cgm=01;35:*.emf=01;35:*.ogv=01;35:*.ogx=01;35:*.aac=00;36:*.au=00;36:*.flac=00;36:*.m4a=00;36:*.mid=00;36:*.midi=00;36:*.mka=00;36:*.mp3=00;36:*.mpc=00;36:*.ogg=00;36:*.ra=00;36:*.wav=00;36:*.oga=00;36:*.opus=00;36:*.spx=00;36:*.xspf=00;36:*~=00;90:*#=00;90:*.bak=00;90:*.crdownload=00;90:*.dpkg-dist=00;90:*.dpkg-new=00;90:*.dpkg-old=00;90:*.dpkg-tmp=00;90:*.old=00;90:*.orig=00;90:*.part=00;90:*.rej=00;90:*.rpmnew=00;90:*.rpmorig=00;90:*.rpmsave=00;90:*.swp=00;90:*.tmp=00;90:*.ucf-dist=00;90:*.ucf-new=00;90:*.ucf-old=00;90:', 'GNOME_TERMINAL_SERVICE': ':1.100', 'SSH_AUTH_SOCK': '/run/user/1000/keyring/ssh', 'ROS_DOMAIN_ID': '1', 'AMENT_PREFIX_PATH': '/home/pi/ros2_ws/install/vesc:/home/pi/ros2_ws/install/vesc_driver:/home/pi/ros2_ws/install/vesc_msgs:/home/pi/ros2_ws/install/drive:/opt/ros/kilted', 'SHELL': '/bin/bash', 'QT_ACCESSIBILITY': '1', 'GDMSESSION': 'ubuntu', 'LESSCLOSE': '/usr/bin/lesspipe %s %s', 'ROS_AUTOMATIC_DISCOVERY_RANGE': 'SUBNET', 'QT_IM_MODULE': 'ibus', 'PWD': '/home/pi/ros2_ws/build/vesc_driver', 'XDG_CONFIG_DIRS': '/etc/xdg/xdg-ubuntu:/etc/xdg', 'XDG_DATA_DIRS': '/usr/share/ubuntu:/usr/share/gnome:/usr/local/share/:/usr/share/:/var/lib/snapd/desktop', 'PYTHONPATH': '/home/pi/ros2_ws/install/vesc_msgs/lib/python3.12/site-packages:/home/pi/ros2_ws/install/drive/lib/python3.12/site-packages:/opt/ros/kilted/lib/python3.12/site-packages', 'COLCON': '1', 'MEMORY_PRESSURE_WRITE': 'c29tZSAyMDAwMDAgMjAwMDAwMAA=', 'VTE_VERSION': '7600', 'CMAKE_PREFIX_PATH': '/home/pi/ros2_ws/install/vesc_msgs:/home/pi/ros2_ws/install/vesc:/home/pi/ros2_ws/install/vesc_driver:/opt/ros/kilted/opt/sdformat_vendor:/opt/ros/kilted/opt/gz_math_vendor:/opt/ros/kilted/opt/gz_utils_vendor:/opt/ros/kilted/opt/gz_tools_vendor:/opt/ros/kilted/opt/gz_cmake_vendor:/home/pi/ros2_ws/install/drive:/opt/ros/kilted'}), 'shell': False}
[29.570096] (-) TimerEvent: {}
[29.671916] (-) TimerEvent: {}
[29.683926] (vesc_driver) StdoutLine: {'line': b'-- The C compiler identification is GNU 13.3.0\n'}
[29.774925] (-) TimerEvent: {}
[29.837968] (vesc_driver) StdoutLine: {'line': b'-- The CXX compiler identification is GNU 13.3.0\n'}
[29.875065] (-) TimerEvent: {}
[29.880486] (vesc_driver) StdoutLine: {'line': b'-- Detecting C compiler ABI info\n'}
[29.975202] (-) TimerEvent: {}
[30.076319] (-) TimerEvent: {}
[30.132921] (vesc_driver) StdoutLine: {'line': b'-- Detecting C compiler ABI info - done\n'}
[30.168093] (vesc_driver) StdoutLine: {'line': b'-- Check for working C compiler: /usr/bin/cc - skipped\n'}
[30.168939] (vesc_driver) StdoutLine: {'line': b'-- Detecting C compile features\n'}
[30.171022] (vesc_driver) StdoutLine: {'line': b'-- Detecting C compile features - done\n'}
[30.178917] (-) TimerEvent: {}
[30.207962] (vesc_driver) StdoutLine: {'line': b'-- Detecting CXX compiler ABI info\n'}
[30.279053] (-) TimerEvent: {}
[30.379502] (-) TimerEvent: {}
[30.483093] (-) TimerEvent: {}
[30.516724] (vesc_driver) StdoutLine: {'line': b'-- Detecting CXX compiler ABI info - done\n'}
[30.535311] (vesc_driver) StdoutLine: {'line': b'-- Check for working CXX compiler: /usr/bin/c++ - skipped\n'}
[30.536888] (vesc_driver) StdoutLine: {'line': b'-- Detecting CXX compile features\n'}
[30.539921] (vesc_driver) StdoutLine: {'line': b'-- Detecting CXX compile features - done\n'}
[30.543459] (vesc_driver) StdoutLine: {'line': b'-- Found ament_cmake_auto: 2.7.3 (/opt/ros/kilted/share/ament_cmake_auto/cmake)\n'}
[30.583239] (-) TimerEvent: {}
[30.685283] (-) TimerEvent: {}
[30.785732] (-) TimerEvent: {}
[30.871084] (vesc_driver) StdoutLine: {'line': b'-- Found Python3: /usr/bin/python3 (found version "3.12.3") found components: Interpreter \n'}
[30.885852] (-) TimerEvent: {}
[30.986240] (-) TimerEvent: {}
[31.001113] (vesc_driver) StdoutLine: {'line': b'-- Override CMake install command with custom implementation using symlinks instead of copying resources\n'}
[31.086348] (-) TimerEvent: {}
[31.186681] (-) TimerEvent: {}
[31.263971] (vesc_driver) StdoutLine: {'line': b'-- Found rosidl_generator_c: 4.9.5 (/opt/ros/kilted/share/rosidl_generator_c/cmake)\n'}
[31.286840] (-) TimerEvent: {}
[31.289633] (vesc_driver) StdoutLine: {'line': b'-- Found rosidl_generator_cpp: 4.9.5 (/opt/ros/kilted/share/rosidl_generator_cpp/cmake)\n'}
[31.327010] (vesc_driver) StdoutLine: {'line': b'-- Using all available rosidl_typesupport_c: rosidl_typesupport_fastrtps_c;rosidl_typesupport_introspection_c\n'}
[31.374032] (vesc_driver) StdoutLine: {'line': b'-- Using all available rosidl_typesupport_cpp: rosidl_typesupport_fastrtps_cpp;rosidl_typesupport_introspection_cpp\n'}
[31.387960] (-) TimerEvent: {}
[31.488552] (-) TimerEvent: {}
[31.537046] (vesc_driver) StdoutLine: {'line': b'-- Found rmw_implementation_cmake: 7.8.2 (/opt/ros/kilted/share/rmw_implementation_cmake/cmake)\n'}
[31.545365] (vesc_driver) StdoutLine: {'line': b'-- Found rmw_fastrtps_cpp: 9.3.3 (/opt/ros/kilted/share/rmw_fastrtps_cpp/cmake)\n'}
[31.591009] (-) TimerEvent: {}
[31.691599] (-) TimerEvent: {}
[31.793599] (-) TimerEvent: {}
[31.824137] (vesc_driver) StdoutLine: {'line': b'-- Found OpenSSL: /usr/lib/aarch64-linux-gnu/libcrypto.so (found version "3.0.13")  \n'}
[31.845040] (vesc_driver) StdoutLine: {'line': b"-- Using RMW implementation 'rmw_fastrtps_cpp' as default\n"}
[31.894429] (-) TimerEvent: {}
[31.998160] (-) TimerEvent: {}
[32.098595] (-) TimerEvent: {}
[32.199239] (-) TimerEvent: {}
[32.237752] (vesc_driver) StdoutLine: {'line': b'-- Found asio_cmake_module: 1.2.0 (/opt/ros/kilted/share/asio_cmake_module/cmake)\n'}
[32.240831] (vesc_driver) StdoutLine: {'line': b'-- Found ASIO: /usr/include  \n'}
[32.299364] (-) TimerEvent: {}
[32.398653] (vesc_driver) StdoutLine: {'line': b'-- Performing Test CMAKE_HAVE_LIBC_PTHREAD\n'}
[32.399481] (-) TimerEvent: {}
[32.503509] (-) TimerEvent: {}
[32.607313] (-) TimerEvent: {}
[32.690782] (gazebo_ackermann_steering_vehicle) StdoutLine: {'line': b'[ 75%] \x1b[32m\x1b[1mLinking CXX executable joystick_controller\x1b[0m\n'}
[32.692103] (vesc_driver) StdoutLine: {'line': b'-- Performing Test CMAKE_HAVE_LIBC_PTHREAD - Success\n'}
[32.694373] (vesc_driver) StdoutLine: {'line': b'-- Found Threads: TRUE  \n'}
[32.707447] (-) TimerEvent: {}
[32.717029] (vesc_driver) StdoutLine: {'line': b'-- Found ament_lint_auto: 0.19.2 (/opt/ros/kilted/share/ament_lint_auto/cmake)\n'}
[32.775134] (vesc_driver) StdoutLine: {'line': b"-- Added test 'copyright' to check source files copyright and LICENSE\n"}
[32.779173] (vesc_driver) StdoutLine: {'line': b"-- Added test 'cppcheck' to perform static code analysis on C / C++ code\n"}
[32.781589] (vesc_driver) StdoutLine: {'line': b'-- Configured cppcheck include dirs: /home/pi/ros2_ws/src/vesc/vesc_driver/include\n'}
[32.782452] (vesc_driver) StdoutLine: {'line': b'-- Configured cppcheck exclude dirs and/or files: \n'}
[32.788180] (vesc_driver) StdoutLine: {'line': b"-- Added test 'cpplint' to check C / C++ code against the Google style\n"}
[32.788542] (vesc_driver) StdoutLine: {'line': b'-- Configured cpplint exclude dirs and/or files: \n'}
[32.790361] (vesc_driver) StdoutLine: {'line': b"-- Added test 'flake8' to check Python code syntax and style conventions\n"}
[32.790652] (vesc_driver) StdoutLine: {'line': b"-- Configured 'flake8' exclude dirs and/or files: \n"}
[32.792289] (vesc_driver) StdoutLine: {'line': b"-- Added test 'lint_cmake' to check CMake code style\n"}
[32.793928] (vesc_driver) StdoutLine: {'line': b"-- Added test 'pep257' to check Python code against some of the docstring style conventions in PEP 257\n"}
[32.796648] (vesc_driver) StdoutLine: {'line': b"-- Added test 'uncrustify' to check C / C++ code style\n"}
[32.797025] (vesc_driver) StdoutLine: {'line': b'-- Configured uncrustify additional arguments: \n'}
[32.798264] (vesc_driver) StdoutLine: {'line': b"-- Added test 'xmllint' to check XML markup files\n"}
[32.806843] (vesc_driver) StdoutLine: {'line': b'-- Configuring done (3.3s)\n'}
[32.807665] (-) TimerEvent: {}
[32.908345] (-) TimerEvent: {}
[32.921098] (gazebo_ackermann_steering_vehicle) StdoutLine: {'line': b'[100%] \x1b[32m\x1b[1mLinking CXX executable vehicle_controller\x1b[0m\n'}
[32.979276] (vesc_driver) StdoutLine: {'line': b'-- Generating done (0.1s)\n'}
[33.008403] (vesc_driver) StdoutLine: {'line': b'-- Build files have been written to: /home/pi/ros2_ws/build/vesc_driver\n'}
[33.009394] (-) TimerEvent: {}
[33.063775] (vesc_driver) CommandEnded: {'returncode': 0}
[33.065143] (vesc_driver) JobProgress: {'identifier': 'vesc_driver', 'progress': 'build'}
[33.066684] (vesc_driver) Command: {'cmd': ['/usr/bin/cmake', '--build', '/home/pi/ros2_ws/build/vesc_driver', '--', '-j4', '-l4'], 'cwd': '/home/pi/ros2_ws/build/vesc_driver', 'env': OrderedDict({'LESSOPEN': '| /usr/bin/lesspipe %s', 'USER': 'pi', 'GZ_CONFIG_PATH': '/opt/ros/kilted/opt/sdformat_vendor/share/gz', 'XDG_SESSION_TYPE': 'wayland', 'CLUTTER_DISABLE_MIPMAPPED_TEXT': '1', 'SHLVL': '1', 'LD_LIBRARY_PATH': '/home/pi/ros2_ws/install/vesc_msgs/lib:/home/pi/ros2_ws/install/vesc_driver/lib:/opt/ros/kilted/opt/zenoh_cpp_vendor/lib:/opt/ros/kilted/opt/sdformat_vendor/lib:/opt/ros/kilted/opt/gz_math_vendor/lib:/opt/ros/kilted/opt/gz_utils_vendor/lib:/opt/ros/kilted/opt/rviz_ogre_vendor/lib:/opt/ros/kilted/lib/aarch64-linux-gnu:/opt/ros/kilted/opt/gz_tools_vendor/lib:/opt/ros/kilted/opt/gz_cmake_vendor/lib:/opt/ros/kilted/lib', 'HOME': '/home/pi', 'OLDPWD': '/home/pi/ros2_ws/src', 'DESKTOP_SESSION': 'ubuntu', 'ROS_PYTHON_VERSION': '3', 'GNOME_SHELL_SESSION_MODE': 'ubuntu', 'GTK_MODULES': 'gail:atk-bridge', 'SYSTEMD_EXEC_PID': '2195', 'GSM_SKIP_SSH_AGENT_WORKAROUND': 'true', 'DBUS_SESSION_BUS_ADDRESS': 'unix:path=/run/user/1000/bus', 'COLORTERM': 'truecolor', 'DEBUGINFOD_URLS': 'https://debuginfod.ubuntu.com', 'IM_CONFIG_PHASE': '1', 'WAYLAND_DISPLAY': 'wayland-0', 'COLCON_PREFIX_PATH': '/home/pi/ros2_ws/install', 'ROS_DISTRO': 'kilted', 'LOGNAME': 'pi', '_': '/usr/bin/colcon', 'ROS_VERSION': '2', 'MEMORY_PRESSURE_WATCH': '/sys/fs/cgroup/user.slice/user-1000.slice/user@1000.service/session.slice/org.gnome.Shell@wayland.service/memory.pressure', 'XDG_SESSION_CLASS': 'user', 'USERNAME': 'pi', 'TERM': 'xterm-256color', 'GNOME_DESKTOP_SESSION_ID': 'this-is-deprecated', 'PATH': '/opt/ros/kilted/opt/gz_tools_vendor/bin:/opt/ros/kilted/bin:/usr/local/sbin:/usr/local/bin:/usr/sbin:/usr/bin:/sbin:/bin:/usr/games:/usr/local/games:/snap/bin:/snap/bin', 'SESSION_MANAGER': 'local/pi-desktop:@/tmp/.ICE-unix/2158,unix/pi-desktop:/tmp/.ICE-unix/2158', 'XDG_MENU_PREFIX': 'gnome-', 'GNOME_TERMINAL_SCREEN': '/org/gnome/Terminal/screen/b6060ff1_b4c0_4e7e_98da_2ab95f683da2', 'GNOME_SETUP_DISPLAY': ':1', 'XDG_RUNTIME_DIR': '/run/user/1000', 'DISPLAY': ':0', 'LANG': 'C.UTF-8', 'XDG_CURRENT_DESKTOP': 'ubuntu:GNOME', 'XMODIFIERS': '@im=ibus', 'XDG_SESSION_DESKTOP': 'ubuntu', 'XAUTHORITY': '/run/user/1000/.mutter-Xwaylandauth.GK01I3', 'LS_COLORS': 'rs=0:di=01;34:ln=01;36:mh=00:pi=40;33:so=01;35:do=01;35:bd=40;33;01:cd=40;33;01:or=40;31;01:mi=00:su=37;41:sg=30;43:ca=00:tw=30;42:ow=34;42:st=37;44:ex=01;32:*.tar=01;31:*.tgz=01;31:*.arc=01;31:*.arj=01;31:*.taz=01;31:*.lha=01;31:*.lz4=01;31:*.lzh=01;31:*.lzma=01;31:*.tlz=01;31:*.txz=01;31:*.tzo=01;31:*.t7z=01;31:*.zip=01;31:*.z=01;31:*.dz=01;31:*.gz=01;31:*.lrz=01;31:*.lz=01;31:*.lzo=01;31:*.xz=01;31:*.zst=01;31:*.tzst=01;31:*.bz2=01;31:*.bz=01;31:*.tbz=01;31:*.tbz2=01;31:*.tz=01;31:*.deb=01;31:*.rpm=01;31:*.jar=01;31:*.war=01;31:*.ear=01;31:*.sar=01;31:*.rar=01;31:*.alz=01;31:*.ace=01;31:*.zoo=01;31:*.cpio=01;31:*.7z=01;31:*.rz=01;31:*.cab=01;31:*.wim=01;31:*.swm=01;31:*.dwm=01;31:*.esd=01;31:*.avif=01;35:*.jpg=01;35:*.jpeg=01;35:*.mjpg=01;35:*.mjpeg=01;35:*.gif=01;35:*.bmp=01;35:*.pbm=01;35:*.pgm=01;35:*.ppm=01;35:*.tga=01;35:*.xbm=01;35:*.xpm=01;35:*.tif=01;35:*.tiff=01;35:*.png=01;35:*.svg=01;35:*.svgz=01;35:*.mng=01;35:*.pcx=01;35:*.mov=01;35:*.mpg=01;35:*.mpeg=01;35:*.m2v=01;35:*.mkv=01;35:*.webm=01;35:*.webp=01;35:*.ogm=01;35:*.mp4=01;35:*.m4v=01;35:*.mp4v=01;35:*.vob=01;35:*.qt=01;35:*.nuv=01;35:*.wmv=01;35:*.asf=01;35:*.rm=01;35:*.rmvb=01;35:*.flc=01;35:*.avi=01;35:*.fli=01;35:*.flv=01;35:*.gl=01;35:*.dl=01;35:*.xcf=01;35:*.xwd=01;35:*.yuv=01;35:*.cgm=01;35:*.emf=01;35:*.ogv=01;35:*.ogx=01;35:*.aac=00;36:*.au=00;36:*.flac=00;36:*.m4a=00;36:*.mid=00;36:*.midi=00;36:*.mka=00;36:*.mp3=00;36:*.mpc=00;36:*.ogg=00;36:*.ra=00;36:*.wav=00;36:*.oga=00;36:*.opus=00;36:*.spx=00;36:*.xspf=00;36:*~=00;90:*#=00;90:*.bak=00;90:*.crdownload=00;90:*.dpkg-dist=00;90:*.dpkg-new=00;90:*.dpkg-old=00;90:*.dpkg-tmp=00;90:*.old=00;90:*.orig=00;90:*.part=00;90:*.rej=00;90:*.rpmnew=00;90:*.rpmorig=00;90:*.rpmsave=00;90:*.swp=00;90:*.tmp=00;90:*.ucf-dist=00;90:*.ucf-new=00;90:*.ucf-old=00;90:', 'GNOME_TERMINAL_SERVICE': ':1.100', 'SSH_AUTH_SOCK': '/run/user/1000/keyring/ssh', 'ROS_DOMAIN_ID': '1', 'AMENT_PREFIX_PATH': '/home/pi/ros2_ws/install/vesc:/home/pi/ros2_ws/install/vesc_driver:/home/pi/ros2_ws/install/vesc_msgs:/home/pi/ros2_ws/install/drive:/opt/ros/kilted', 'SHELL': '/bin/bash', 'QT_ACCESSIBILITY': '1', 'GDMSESSION': 'ubuntu', 'LESSCLOSE': '/usr/bin/lesspipe %s %s', 'ROS_AUTOMATIC_DISCOVERY_RANGE': 'SUBNET', 'QT_IM_MODULE': 'ibus', 'PWD': '/home/pi/ros2_ws/build/vesc_driver', 'XDG_CONFIG_DIRS': '/etc/xdg/xdg-ubuntu:/etc/xdg', 'XDG_DATA_DIRS': '/usr/share/ubuntu:/usr/share/gnome:/usr/local/share/:/usr/share/:/var/lib/snapd/desktop', 'PYTHONPATH': '/home/pi/ros2_ws/install/vesc_msgs/lib/python3.12/site-packages:/home/pi/ros2_ws/install/drive/lib/python3.12/site-packages:/opt/ros/kilted/lib/python3.12/site-packages', 'COLCON': '1', 'MEMORY_PRESSURE_WRITE': 'c29tZSAyMDAwMDAgMjAwMDAwMAA=', 'VTE_VERSION': '7600', 'CMAKE_PREFIX_PATH': '/home/pi/ros2_ws/install/vesc_msgs:/home/pi/ros2_ws/install/vesc:/home/pi/ros2_ws/install/vesc_driver:/opt/ros/kilted/opt/sdformat_vendor:/opt/ros/kilted/opt/gz_math_vendor:/opt/ros/kilted/opt/gz_utils_vendor:/opt/ros/kilted/opt/gz_tools_vendor:/opt/ros/kilted/opt/gz_cmake_vendor:/home/pi/ros2_ws/install/drive:/opt/ros/kilted'}), 'shell': False}
[33.110021] (-) TimerEvent: {}
[33.211310] (-) TimerEvent: {}
[33.315055] (-) TimerEvent: {}
[33.359723] (vesc_driver) StdoutLine: {'line': b'[ 10%] \x1b[32mBuilding CXX object CMakeFiles/vesc_driver_node.dir/rclcpp_components/node_main_vesc_driver_node.cpp.o\x1b[0m\n'}
[33.376092] (vesc_driver) StdoutLine: {'line': b'[ 20%] \x1b[32mBuilding CXX object CMakeFiles/vesc_driver.dir/src/vesc_packet.cpp.o\x1b[0m\n'}
[33.385691] (vesc_driver) StdoutLine: {'line': b'[ 30%] \x1b[32mBuilding CXX object CMakeFiles/vesc_driver.dir/src/vesc_interface.cpp.o\x1b[0m\n'}
[33.386152] (vesc_driver) StdoutLine: {'line': b'[ 40%] \x1b[32mBuilding CXX object CMakeFiles/vesc_driver.dir/src/vesc_driver.cpp.o\x1b[0m\n'}
[33.415180] (-) TimerEvent: {}
[33.518168] (-) TimerEvent: {}
[33.619052] (-) TimerEvent: {}
[33.724528] (-) TimerEvent: {}
[33.831209] (-) TimerEvent: {}
[33.932963] (-) TimerEvent: {}
[34.033597] (-) TimerEvent: {}
[34.136914] (-) TimerEvent: {}
[34.237380] (-) TimerEvent: {}
[34.278831] (gazebo_ackermann_steering_vehicle) StdoutLine: {'line': b'[100%] Built target joystick_controller\n'}
[34.337583] (-) TimerEvent: {}
[34.439946] (-) TimerEvent: {}
[34.526322] (gazebo_ackermann_steering_vehicle) StdoutLine: {'line': b'[100%] Built target vehicle_controller\n'}
[34.540084] (-) TimerEvent: {}
[34.567692] (gazebo_ackermann_steering_vehicle) CommandEnded: {'returncode': 0}
[34.569305] (gazebo_ackermann_steering_vehicle) JobProgress: {'identifier': 'gazebo_ackermann_steering_vehicle', 'progress': 'install'}
[34.570145] (gazebo_ackermann_steering_vehicle) Command: {'cmd': ['/usr/bin/cmake', '--install', '/home/pi/ros2_ws/build/gazebo_ackermann_steering_vehicle'], 'cwd': '/home/pi/ros2_ws/build/gazebo_ackermann_steering_vehicle', 'env': OrderedDict({'LESSOPEN': '| /usr/bin/lesspipe %s', 'USER': 'pi', 'GZ_CONFIG_PATH': '/opt/ros/kilted/opt/sdformat_vendor/share/gz', 'XDG_SESSION_TYPE': 'wayland', 'CLUTTER_DISABLE_MIPMAPPED_TEXT': '1', 'SHLVL': '1', 'LD_LIBRARY_PATH': '/home/pi/ros2_ws/install/vesc_driver/lib:/home/pi/ros2_ws/install/vesc_msgs/lib:/opt/ros/kilted/opt/zenoh_cpp_vendor/lib:/opt/ros/kilted/opt/sdformat_vendor/lib:/opt/ros/kilted/opt/gz_math_vendor/lib:/opt/ros/kilted/opt/gz_utils_vendor/lib:/opt/ros/kilted/opt/rviz_ogre_vendor/lib:/opt/ros/kilted/lib/aarch64-linux-gnu:/opt/ros/kilted/opt/gz_tools_vendor/lib:/opt/ros/kilted/opt/gz_cmake_vendor/lib:/opt/ros/kilted/lib', 'HOME': '/home/pi', 'OLDPWD': '/home/pi/ros2_ws/src', 'DESKTOP_SESSION': 'ubuntu', 'ROS_PYTHON_VERSION': '3', 'GNOME_SHELL_SESSION_MODE': 'ubuntu', 'GTK_MODULES': 'gail:atk-bridge', 'SYSTEMD_EXEC_PID': '2195', 'GSM_SKIP_SSH_AGENT_WORKAROUND': 'true', 'DBUS_SESSION_BUS_ADDRESS': 'unix:path=/run/user/1000/bus', 'COLORTERM': 'truecolor', 'DEBUGINFOD_URLS': 'https://debuginfod.ubuntu.com', 'IM_CONFIG_PHASE': '1', 'WAYLAND_DISPLAY': 'wayland-0', 'COLCON_PREFIX_PATH': '/home/pi/ros2_ws/install', 'ROS_DISTRO': 'kilted', 'LOGNAME': 'pi', '_': '/usr/bin/colcon', 'ROS_VERSION': '2', 'MEMORY_PRESSURE_WATCH': '/sys/fs/cgroup/user.slice/user-1000.slice/user@1000.service/session.slice/org.gnome.Shell@wayland.service/memory.pressure', 'XDG_SESSION_CLASS': 'user', 'USERNAME': 'pi', 'TERM': 'xterm-256color', 'GNOME_DESKTOP_SESSION_ID': 'this-is-deprecated', 'PATH': '/opt/ros/kilted/opt/gz_tools_vendor/bin:/opt/ros/kilted/bin:/usr/local/sbin:/usr/local/bin:/usr/sbin:/usr/bin:/sbin:/bin:/usr/games:/usr/local/games:/snap/bin:/snap/bin', 'SESSION_MANAGER': 'local/pi-desktop:@/tmp/.ICE-unix/2158,unix/pi-desktop:/tmp/.ICE-unix/2158', 'XDG_MENU_PREFIX': 'gnome-', 'GNOME_TERMINAL_SCREEN': '/org/gnome/Terminal/screen/b6060ff1_b4c0_4e7e_98da_2ab95f683da2', 'GNOME_SETUP_DISPLAY': ':1', 'XDG_RUNTIME_DIR': '/run/user/1000', 'DISPLAY': ':0', 'LANG': 'C.UTF-8', 'XDG_CURRENT_DESKTOP': 'ubuntu:GNOME', 'XMODIFIERS': '@im=ibus', 'XDG_SESSION_DESKTOP': 'ubuntu', 'XAUTHORITY': '/run/user/1000/.mutter-Xwaylandauth.GK01I3', 'LS_COLORS': 'rs=0:di=01;34:ln=01;36:mh=00:pi=40;33:so=01;35:do=01;35:bd=40;33;01:cd=40;33;01:or=40;31;01:mi=00:su=37;41:sg=30;43:ca=00:tw=30;42:ow=34;42:st=37;44:ex=01;32:*.tar=01;31:*.tgz=01;31:*.arc=01;31:*.arj=01;31:*.taz=01;31:*.lha=01;31:*.lz4=01;31:*.lzh=01;31:*.lzma=01;31:*.tlz=01;31:*.txz=01;31:*.tzo=01;31:*.t7z=01;31:*.zip=01;31:*.z=01;31:*.dz=01;31:*.gz=01;31:*.lrz=01;31:*.lz=01;31:*.lzo=01;31:*.xz=01;31:*.zst=01;31:*.tzst=01;31:*.bz2=01;31:*.bz=01;31:*.tbz=01;31:*.tbz2=01;31:*.tz=01;31:*.deb=01;31:*.rpm=01;31:*.jar=01;31:*.war=01;31:*.ear=01;31:*.sar=01;31:*.rar=01;31:*.alz=01;31:*.ace=01;31:*.zoo=01;31:*.cpio=01;31:*.7z=01;31:*.rz=01;31:*.cab=01;31:*.wim=01;31:*.swm=01;31:*.dwm=01;31:*.esd=01;31:*.avif=01;35:*.jpg=01;35:*.jpeg=01;35:*.mjpg=01;35:*.mjpeg=01;35:*.gif=01;35:*.bmp=01;35:*.pbm=01;35:*.pgm=01;35:*.ppm=01;35:*.tga=01;35:*.xbm=01;35:*.xpm=01;35:*.tif=01;35:*.tiff=01;35:*.png=01;35:*.svg=01;35:*.svgz=01;35:*.mng=01;35:*.pcx=01;35:*.mov=01;35:*.mpg=01;35:*.mpeg=01;35:*.m2v=01;35:*.mkv=01;35:*.webm=01;35:*.webp=01;35:*.ogm=01;35:*.mp4=01;35:*.m4v=01;35:*.mp4v=01;35:*.vob=01;35:*.qt=01;35:*.nuv=01;35:*.wmv=01;35:*.asf=01;35:*.rm=01;35:*.rmvb=01;35:*.flc=01;35:*.avi=01;35:*.fli=01;35:*.flv=01;35:*.gl=01;35:*.dl=01;35:*.xcf=01;35:*.xwd=01;35:*.yuv=01;35:*.cgm=01;35:*.emf=01;35:*.ogv=01;35:*.ogx=01;35:*.aac=00;36:*.au=00;36:*.flac=00;36:*.m4a=00;36:*.mid=00;36:*.midi=00;36:*.mka=00;36:*.mp3=00;36:*.mpc=00;36:*.ogg=00;36:*.ra=00;36:*.wav=00;36:*.oga=00;36:*.opus=00;36:*.spx=00;36:*.xspf=00;36:*~=00;90:*#=00;90:*.bak=00;90:*.crdownload=00;90:*.dpkg-dist=00;90:*.dpkg-new=00;90:*.dpkg-old=00;90:*.dpkg-tmp=00;90:*.old=00;90:*.orig=00;90:*.part=00;90:*.rej=00;90:*.rpmnew=00;90:*.rpmorig=00;90:*.rpmsave=00;90:*.swp=00;90:*.tmp=00;90:*.ucf-dist=00;90:*.ucf-new=00;90:*.ucf-old=00;90:', 'GNOME_TERMINAL_SERVICE': ':1.100', 'SSH_AUTH_SOCK': '/run/user/1000/keyring/ssh', 'ROS_DOMAIN_ID': '1', 'AMENT_PREFIX_PATH': '/home/pi/ros2_ws/install/vesc:/home/pi/ros2_ws/install/vesc_driver:/home/pi/ros2_ws/install/vesc_msgs:/home/pi/ros2_ws/install/drive:/opt/ros/kilted', 'SHELL': '/bin/bash', 'QT_ACCESSIBILITY': '1', 'GDMSESSION': 'ubuntu', 'LESSCLOSE': '/usr/bin/lesspipe %s %s', 'ROS_AUTOMATIC_DISCOVERY_RANGE': 'SUBNET', 'QT_IM_MODULE': 'ibus', 'PWD': '/home/pi/ros2_ws/build/gazebo_ackermann_steering_vehicle', 'XDG_CONFIG_DIRS': '/etc/xdg/xdg-ubuntu:/etc/xdg', 'XDG_DATA_DIRS': '/usr/share/ubuntu:/usr/share/gnome:/usr/local/share/:/usr/share/:/var/lib/snapd/desktop', 'PYTHONPATH': '/home/pi/ros2_ws/install/vesc_msgs/lib/python3.12/site-packages:/home/pi/ros2_ws/install/drive/lib/python3.12/site-packages:/opt/ros/kilted/lib/python3.12/site-packages', 'COLCON': '1', 'MEMORY_PRESSURE_WRITE': 'c29tZSAyMDAwMDAgMjAwMDAwMAA=', 'VTE_VERSION': '7600', 'CMAKE_PREFIX_PATH': '/home/pi/ros2_ws/install/vesc:/home/pi/ros2_ws/install/vesc_driver:/home/pi/ros2_ws/install/vesc_msgs:/opt/ros/kilted/opt/sdformat_vendor:/opt/ros/kilted/opt/gz_math_vendor:/opt/ros/kilted/opt/gz_utils_vendor:/opt/ros/kilted/opt/gz_tools_vendor:/opt/ros/kilted/opt/gz_cmake_vendor:/home/pi/ros2_ws/install/drive:/opt/ros/kilted'}), 'shell': False}
[34.593433] (gazebo_ackermann_steering_vehicle) StdoutLine: {'line': b'-- Install configuration: ""\n'}
[34.593761] (gazebo_ackermann_steering_vehicle) StdoutLine: {'line': b'-- Execute custom install script\n'}
[34.595358] (gazebo_ackermann_steering_vehicle) StdoutLine: {'line': b'-- Symlinking: /home/pi/ros2_ws/install/gazebo_ackermann_steering_vehicle/share/gazebo_ackermann_steering_vehicle/launch/joystick.launch.py\n'}
[34.618693] (gazebo_ackermann_steering_vehicle) StdoutLine: {'line': b'-- Symlinking: /home/pi/ros2_ws/install/gazebo_ackermann_steering_vehicle/share/gazebo_ackermann_steering_vehicle/launch/rviz.launch.py\n'}
[34.641366] (-) TimerEvent: {}
[34.647053] (gazebo_ackermann_steering_vehicle) StdoutLine: {'line': b'-- Symlinking: /home/pi/ros2_ws/install/gazebo_ackermann_steering_vehicle/share/gazebo_ackermann_steering_vehicle/launch/vehicle.launch.py\n'}
[34.673661] (gazebo_ackermann_steering_vehicle) StdoutLine: {'line': b'-- Symlinking: /home/pi/ros2_ws/install/gazebo_ackermann_steering_vehicle/share/gazebo_ackermann_steering_vehicle/model/lidar.xacro\n'}
[34.698054] (gazebo_ackermann_steering_vehicle) StdoutLine: {'line': b'-- Symlinking: /home/pi/ros2_ws/install/gazebo_ackermann_steering_vehicle/share/gazebo_ackermann_steering_vehicle/model/vehicle.xacro\n'}
[34.721607] (gazebo_ackermann_steering_vehicle) StdoutLine: {'line': b'-- Symlinking: /home/pi/ros2_ws/install/gazebo_ackermann_steering_vehicle/share/gazebo_ackermann_steering_vehicle/config/gz_ros2_control.yaml\n'}
[34.743927] (-) TimerEvent: {}
[34.752235] (gazebo_ackermann_steering_vehicle) StdoutLine: {'line': b'-- Symlinking: /home/pi/ros2_ws/install/gazebo_ackermann_steering_vehicle/share/gazebo_ackermann_steering_vehicle/config/parameters.yaml\n'}
[34.777359] (gazebo_ackermann_steering_vehicle) StdoutLine: {'line': b'-- Symlinking: /home/pi/ros2_ws/install/gazebo_ackermann_steering_vehicle/share/gazebo_ackermann_steering_vehicle/config/ros_gz_bridge.yaml\n'}
[34.802514] (gazebo_ackermann_steering_vehicle) StdoutLine: {'line': b'-- Symlinking: /home/pi/ros2_ws/install/gazebo_ackermann_steering_vehicle/lib/gazebo_ackermann_steering_vehicle/vehicle_controller\n'}
[34.827440] (gazebo_ackermann_steering_vehicle) StdoutLine: {'line': b'-- Symlinking: /home/pi/ros2_ws/install/gazebo_ackermann_steering_vehicle/lib/gazebo_ackermann_steering_vehicle/joystick_controller\n'}
[34.845959] (-) TimerEvent: {}
[34.862294] (gazebo_ackermann_steering_vehicle) StdoutLine: {'line': b'-- Symlinking: /home/pi/ros2_ws/install/gazebo_ackermann_steering_vehicle/share/ament_index/resource_index/package_run_dependencies/gazebo_ackermann_steering_vehicle\n'}
[34.889357] (gazebo_ackermann_steering_vehicle) StdoutLine: {'line': b'-- Symlinking: /home/pi/ros2_ws/install/gazebo_ackermann_steering_vehicle/share/ament_index/resource_index/parent_prefix_path/gazebo_ackermann_steering_vehicle\n'}
[34.914945] (gazebo_ackermann_steering_vehicle) StdoutLine: {'line': b'-- Symlinking: /home/pi/ros2_ws/install/gazebo_ackermann_steering_vehicle/share/gazebo_ackermann_steering_vehicle/environment/ament_prefix_path.sh\n'}
[34.938746] (gazebo_ackermann_steering_vehicle) StdoutLine: {'line': b'-- Symlinking: /home/pi/ros2_ws/install/gazebo_ackermann_steering_vehicle/share/gazebo_ackermann_steering_vehicle/environment/ament_prefix_path.dsv\n'}
[34.948909] (-) TimerEvent: {}
[34.973793] (gazebo_ackermann_steering_vehicle) StdoutLine: {'line': b'-- Symlinking: /home/pi/ros2_ws/install/gazebo_ackermann_steering_vehicle/share/gazebo_ackermann_steering_vehicle/environment/path.sh\n'}
[34.997857] (gazebo_ackermann_steering_vehicle) StdoutLine: {'line': b'-- Symlinking: /home/pi/ros2_ws/install/gazebo_ackermann_steering_vehicle/share/gazebo_ackermann_steering_vehicle/environment/path.dsv\n'}
[35.023673] (gazebo_ackermann_steering_vehicle) StdoutLine: {'line': b'-- Symlinking: /home/pi/ros2_ws/install/gazebo_ackermann_steering_vehicle/share/gazebo_ackermann_steering_vehicle/local_setup.bash\n'}
[35.048351] (gazebo_ackermann_steering_vehicle) StdoutLine: {'line': b'-- Symlinking: /home/pi/ros2_ws/install/gazebo_ackermann_steering_vehicle/share/gazebo_ackermann_steering_vehicle/local_setup.sh\n'}
[35.049968] (-) TimerEvent: {}
[35.094703] (gazebo_ackermann_steering_vehicle) StdoutLine: {'line': b'-- Symlinking: /home/pi/ros2_ws/install/gazebo_ackermann_steering_vehicle/share/gazebo_ackermann_steering_vehicle/local_setup.zsh\n'}
[35.123975] (gazebo_ackermann_steering_vehicle) StdoutLine: {'line': b'-- Symlinking: /home/pi/ros2_ws/install/gazebo_ackermann_steering_vehicle/share/gazebo_ackermann_steering_vehicle/local_setup.dsv\n'}
[35.150146] (-) TimerEvent: {}
[35.169608] (gazebo_ackermann_steering_vehicle) StdoutLine: {'line': b'-- Symlinking: /home/pi/ros2_ws/install/gazebo_ackermann_steering_vehicle/share/gazebo_ackermann_steering_vehicle/package.dsv\n'}
[35.197444] (gazebo_ackermann_steering_vehicle) StdoutLine: {'line': b'-- Symlinking: /home/pi/ros2_ws/install/gazebo_ackermann_steering_vehicle/share/ament_index/resource_index/packages/gazebo_ackermann_steering_vehicle\n'}
[35.235029] (gazebo_ackermann_steering_vehicle) StdoutLine: {'line': b'-- Symlinking: /home/pi/ros2_ws/install/gazebo_ackermann_steering_vehicle/share/gazebo_ackermann_steering_vehicle/cmake/gazebo_ackermann_steering_vehicleConfig.cmake\n'}
[35.250262] (-) TimerEvent: {}
[35.278289] (gazebo_ackermann_steering_vehicle) StdoutLine: {'line': b'-- Symlinking: /home/pi/ros2_ws/install/gazebo_ackermann_steering_vehicle/share/gazebo_ackermann_steering_vehicle/cmake/gazebo_ackermann_steering_vehicleConfig-version.cmake\n'}
[35.315134] (gazebo_ackermann_steering_vehicle) StdoutLine: {'line': b'-- Symlinking: /home/pi/ros2_ws/install/gazebo_ackermann_steering_vehicle/share/gazebo_ackermann_steering_vehicle/package.xml\n'}
[35.351651] (-) TimerEvent: {}
[35.376378] (gazebo_ackermann_steering_vehicle) CommandEnded: {'returncode': 0}
[35.454078] (-) TimerEvent: {}
[35.499500] (gazebo_ackermann_steering_vehicle) JobEnded: {'identifier': 'gazebo_ackermann_steering_vehicle', 'rc': 0}
[35.554264] (-) TimerEvent: {}
[35.656151] (-) TimerEvent: {}
[35.759234] (-) TimerEvent: {}
[35.859736] (-) TimerEvent: {}
[35.960154] (-) TimerEvent: {}
[36.060575] (-) TimerEvent: {}
[36.161086] (-) TimerEvent: {}
[36.266193] (-) TimerEvent: {}
[36.366783] (-) TimerEvent: {}
[36.454461] (vesc_driver) StdoutLine: {'line': b'[ 50%] \x1b[32mBuilding CXX object CMakeFiles/vesc_driver.dir/src/vesc_packet_factory.cpp.o\x1b[0m\n'}
[36.466934] (-) TimerEvent: {}
[36.572208] (-) TimerEvent: {}
[36.675301] (-) TimerEvent: {}
[36.775932] (-) TimerEvent: {}
[36.879370] (-) TimerEvent: {}
[36.980994] (-) TimerEvent: {}
[37.086215] (-) TimerEvent: {}
[37.186743] (-) TimerEvent: {}
[37.289948] (-) TimerEvent: {}
[37.390439] (-) TimerEvent: {}
[37.490932] (-) TimerEvent: {}
[37.594315] (-) TimerEvent: {}
[37.694889] (-) TimerEvent: {}
[37.800090] (-) TimerEvent: {}
[37.900670] (-) TimerEvent: {}
[38.006073] (-) TimerEvent: {}
[38.106540] (-) TimerEvent: {}
[38.206994] (-) TimerEvent: {}
[38.307441] (-) TimerEvent: {}
[38.407807] (-) TimerEvent: {}
[38.508204] (-) TimerEvent: {}
[38.608632] (-) TimerEvent: {}
[38.709082] (-) TimerEvent: {}
[38.811910] (-) TimerEvent: {}
[38.912328] (-) TimerEvent: {}
[39.012704] (-) TimerEvent: {}
[39.113102] (-) TimerEvent: {}
[39.213480] (-) TimerEvent: {}
[39.313890] (-) TimerEvent: {}
[39.414363] (-) TimerEvent: {}
[39.514877] (-) TimerEvent: {}
[39.618137] (-) TimerEvent: {}
[39.718546] (-) TimerEvent: {}
[39.819916] (-) TimerEvent: {}
[39.920782] (-) TimerEvent: {}
[40.021296] (-) TimerEvent: {}
[40.123401] (-) TimerEvent: {}
[40.226130] (-) TimerEvent: {}
[40.326541] (-) TimerEvent: {}
[40.430079] (-) TimerEvent: {}
[40.530453] (-) TimerEvent: {}
[40.630839] (-) TimerEvent: {}
[40.731238] (-) TimerEvent: {}
[40.831632] (-) TimerEvent: {}
[40.934108] (-) TimerEvent: {}
[41.034476] (-) TimerEvent: {}
[41.134854] (-) TimerEvent: {}
[41.235213] (-) TimerEvent: {}
[41.335584] (-) TimerEvent: {}
[41.436014] (-) TimerEvent: {}
[41.539425] (-) TimerEvent: {}
[41.640123] (-) TimerEvent: {}
[41.740858] (-) TimerEvent: {}
[41.844922] (-) TimerEvent: {}
[41.945278] (-) TimerEvent: {}
[41.994720] (vesc_driver) StdoutLine: {'line': b'[ 60%] \x1b[32m\x1b[1mLinking CXX executable vesc_driver_node\x1b[0m\n'}
[42.045416] (-) TimerEvent: {}
[42.145956] (-) TimerEvent: {}
[42.246428] (-) TimerEvent: {}
[42.275156] (vesc_driver) StdoutLine: {'line': b'[ 60%] Built target vesc_driver_node\n'}
[42.346537] (-) TimerEvent: {}
[42.446881] (-) TimerEvent: {}
[42.547222] (-) TimerEvent: {}
[42.647561] (-) TimerEvent: {}
[42.747896] (-) TimerEvent: {}
[42.848257] (-) TimerEvent: {}
[42.948613] (-) TimerEvent: {}
[43.048975] (-) TimerEvent: {}
[43.149311] (-) TimerEvent: {}
[43.249648] (-) TimerEvent: {}
[43.350017] (-) TimerEvent: {}
[43.450359] (-) TimerEvent: {}
[43.550697] (-) TimerEvent: {}
[43.651058] (-) TimerEvent: {}
[43.751388] (-) TimerEvent: {}
[43.851731] (-) TimerEvent: {}
[43.952096] (-) TimerEvent: {}
[44.052493] (-) TimerEvent: {}
[44.152904] (-) TimerEvent: {}
[44.253485] (-) TimerEvent: {}
[44.354041] (-) TimerEvent: {}
[44.454389] (-) TimerEvent: {}
[44.554724] (-) TimerEvent: {}
[44.655076] (-) TimerEvent: {}
[44.755424] (-) TimerEvent: {}
[44.855756] (-) TimerEvent: {}
[44.956091] (-) TimerEvent: {}
[45.056421] (-) TimerEvent: {}
[45.156768] (-) TimerEvent: {}
[45.257141] (-) TimerEvent: {}
[45.357487] (-) TimerEvent: {}
[45.457854] (-) TimerEvent: {}
[45.558203] (-) TimerEvent: {}
[45.658551] (-) TimerEvent: {}
[45.758916] (-) TimerEvent: {}
[45.859261] (-) TimerEvent: {}
[45.959622] (-) TimerEvent: {}
[46.059979] (-) TimerEvent: {}
[46.160314] (-) TimerEvent: {}
[46.260680] (-) TimerEvent: {}
[46.361101] (-) TimerEvent: {}
[46.461444] (-) TimerEvent: {}
[46.561768] (-) TimerEvent: {}
[46.662116] (-) TimerEvent: {}
[46.762444] (-) TimerEvent: {}
[46.862769] (-) TimerEvent: {}
[46.963120] (-) TimerEvent: {}
[47.063448] (-) TimerEvent: {}
[47.163775] (-) TimerEvent: {}
[47.264132] (-) TimerEvent: {}
[47.364458] (-) TimerEvent: {}
[47.464801] (-) TimerEvent: {}
[47.565197] (-) TimerEvent: {}
[47.665523] (-) TimerEvent: {}
[47.765875] (-) TimerEvent: {}
[47.866203] (-) TimerEvent: {}
[47.966526] (-) TimerEvent: {}
[48.066873] (-) TimerEvent: {}
[48.167269] (-) TimerEvent: {}
[48.267765] (-) TimerEvent: {}
[48.369961] (-) TimerEvent: {}
[48.470594] (-) TimerEvent: {}
[48.571062] (-) TimerEvent: {}
[48.671397] (-) TimerEvent: {}
[48.771735] (-) TimerEvent: {}
[48.872100] (-) TimerEvent: {}
[48.972455] (-) TimerEvent: {}
[49.072869] (-) TimerEvent: {}
[49.173212] (-) TimerEvent: {}
[49.273627] (-) TimerEvent: {}
[49.374116] (-) TimerEvent: {}
[49.474515] (-) TimerEvent: {}
[49.574905] (-) TimerEvent: {}
[49.675294] (-) TimerEvent: {}
[49.775664] (-) TimerEvent: {}
[49.876042] (-) TimerEvent: {}
[49.976380] (-) TimerEvent: {}
[50.076730] (-) TimerEvent: {}
[50.177081] (-) TimerEvent: {}
[50.277409] (-) TimerEvent: {}
[50.377762] (-) TimerEvent: {}
[50.478201] (-) TimerEvent: {}
[50.578769] (-) TimerEvent: {}
[50.679337] (-) TimerEvent: {}
[50.779719] (-) TimerEvent: {}
[50.880181] (-) TimerEvent: {}
[50.980540] (-) TimerEvent: {}
[51.080884] (-) TimerEvent: {}
[51.181230] (-) TimerEvent: {}
[51.281577] (-) TimerEvent: {}
[51.381921] (-) TimerEvent: {}
[51.482257] (-) TimerEvent: {}
[51.582582] (-) TimerEvent: {}
[51.682922] (-) TimerEvent: {}
[51.783265] (-) TimerEvent: {}
[51.883612] (-) TimerEvent: {}
[51.983964] (-) TimerEvent: {}
[52.084303] (-) TimerEvent: {}
[52.184662] (-) TimerEvent: {}
[52.285042] (-) TimerEvent: {}
[52.385378] (-) TimerEvent: {}
[52.485928] (-) TimerEvent: {}
[52.586945] (-) TimerEvent: {}
[52.690134] (-) TimerEvent: {}
[52.790474] (-) TimerEvent: {}
[52.890807] (-) TimerEvent: {}
[52.991146] (-) TimerEvent: {}
[53.091487] (-) TimerEvent: {}
[53.191878] (-) TimerEvent: {}
[53.292306] (-) TimerEvent: {}
[53.392798] (-) TimerEvent: {}
[53.493273] (-) TimerEvent: {}
[53.593962] (-) TimerEvent: {}
[53.694490] (-) TimerEvent: {}
[53.794859] (-) TimerEvent: {}
[53.895227] (-) TimerEvent: {}
[53.995582] (-) TimerEvent: {}
[54.096005] (-) TimerEvent: {}
[54.196375] (-) TimerEvent: {}
[54.296748] (-) TimerEvent: {}
[54.397152] (-) TimerEvent: {}
[54.497562] (-) TimerEvent: {}
[54.597906] (-) TimerEvent: {}
[54.698237] (-) TimerEvent: {}
[54.798605] (-) TimerEvent: {}
[54.898971] (-) TimerEvent: {}
[54.929534] (vesc_driver) StdoutLine: {'line': b'[ 70%] \x1b[32m\x1b[1mLinking CXX shared library libvesc_driver.so\x1b[0m\n'}
[54.999107] (-) TimerEvent: {}
[55.099495] (-) TimerEvent: {}
[55.200102] (-) TimerEvent: {}
[55.301023] (-) TimerEvent: {}
[55.401744] (-) TimerEvent: {}
[55.502231] (-) TimerEvent: {}
[55.602714] (-) TimerEvent: {}
[55.703201] (-) TimerEvent: {}
[55.803729] (-) TimerEvent: {}
[55.904439] (-) TimerEvent: {}
[56.005136] (-) TimerEvent: {}
[56.105947] (-) TimerEvent: {}
[56.206426] (-) TimerEvent: {}
[56.306901] (-) TimerEvent: {}
[56.407242] (-) TimerEvent: {}
[56.507576] (-) TimerEvent: {}
[56.564939] (vesc_driver) StdoutLine: {'line': b'[ 70%] Built target vesc_driver\n'}
[56.607604] (vesc_driver) StdoutLine: {'line': b'[ 90%] \x1b[32mBuilding CXX object CMakeFiles/vesc_device_namer.dir/src/vesc_device_namer.cpp.o\x1b[0m\n'}
[56.607938] (-) TimerEvent: {}
[56.608103] (vesc_driver) StdoutLine: {'line': b'[ 90%] \x1b[32mBuilding CXX object CMakeFiles/vesc_device_namer.dir/src/vesc_device_uuid_lookup.cpp.o\x1b[0m\n'}
[56.708076] (-) TimerEvent: {}
[56.808425] (-) TimerEvent: {}
[56.908772] (-) TimerEvent: {}
[57.009175] (-) TimerEvent: {}
[57.109557] (-) TimerEvent: {}
[57.209925] (-) TimerEvent: {}
[57.310273] (-) TimerEvent: {}
[57.410633] (-) TimerEvent: {}
[57.511013] (-) TimerEvent: {}
[57.611362] (-) TimerEvent: {}
[57.711713] (-) TimerEvent: {}
[57.812099] (-) TimerEvent: {}
[57.858625] (vesc_driver) StdoutLine: {'line': b'[100%] \x1b[32m\x1b[1mLinking CXX executable vesc_device_namer\x1b[0m\n'}
[57.912259] (-) TimerEvent: {}
[58.012650] (-) TimerEvent: {}
[58.113287] (-) TimerEvent: {}
[58.213839] (-) TimerEvent: {}
[58.314242] (-) TimerEvent: {}
[58.415078] (-) TimerEvent: {}
[58.515773] (-) TimerEvent: {}
[58.616601] (-) TimerEvent: {}
[58.717457] (-) TimerEvent: {}
[58.818236] (-) TimerEvent: {}
[58.897850] (vesc_driver) StdoutLine: {'line': b'[100%] Built target vesc_device_namer\n'}
[58.918367] (-) TimerEvent: {}
[58.922038] (vesc_driver) CommandEnded: {'returncode': 0}
[58.925674] (vesc_driver) JobProgress: {'identifier': 'vesc_driver', 'progress': 'install'}
[58.926040] (vesc_driver) Command: {'cmd': ['/usr/bin/cmake', '--install', '/home/pi/ros2_ws/build/vesc_driver'], 'cwd': '/home/pi/ros2_ws/build/vesc_driver', 'env': OrderedDict({'LESSOPEN': '| /usr/bin/lesspipe %s', 'USER': 'pi', 'GZ_CONFIG_PATH': '/opt/ros/kilted/opt/sdformat_vendor/share/gz', 'XDG_SESSION_TYPE': 'wayland', 'CLUTTER_DISABLE_MIPMAPPED_TEXT': '1', 'SHLVL': '1', 'LD_LIBRARY_PATH': '/home/pi/ros2_ws/install/vesc_msgs/lib:/home/pi/ros2_ws/install/vesc_driver/lib:/opt/ros/kilted/opt/zenoh_cpp_vendor/lib:/opt/ros/kilted/opt/sdformat_vendor/lib:/opt/ros/kilted/opt/gz_math_vendor/lib:/opt/ros/kilted/opt/gz_utils_vendor/lib:/opt/ros/kilted/opt/rviz_ogre_vendor/lib:/opt/ros/kilted/lib/aarch64-linux-gnu:/opt/ros/kilted/opt/gz_tools_vendor/lib:/opt/ros/kilted/opt/gz_cmake_vendor/lib:/opt/ros/kilted/lib', 'HOME': '/home/pi', 'OLDPWD': '/home/pi/ros2_ws/src', 'DESKTOP_SESSION': 'ubuntu', 'ROS_PYTHON_VERSION': '3', 'GNOME_SHELL_SESSION_MODE': 'ubuntu', 'GTK_MODULES': 'gail:atk-bridge', 'SYSTEMD_EXEC_PID': '2195', 'GSM_SKIP_SSH_AGENT_WORKAROUND': 'true', 'DBUS_SESSION_BUS_ADDRESS': 'unix:path=/run/user/1000/bus', 'COLORTERM': 'truecolor', 'DEBUGINFOD_URLS': 'https://debuginfod.ubuntu.com', 'IM_CONFIG_PHASE': '1', 'WAYLAND_DISPLAY': 'wayland-0', 'COLCON_PREFIX_PATH': '/home/pi/ros2_ws/install', 'ROS_DISTRO': 'kilted', 'LOGNAME': 'pi', '_': '/usr/bin/colcon', 'ROS_VERSION': '2', 'MEMORY_PRESSURE_WATCH': '/sys/fs/cgroup/user.slice/user-1000.slice/user@1000.service/session.slice/org.gnome.Shell@wayland.service/memory.pressure', 'XDG_SESSION_CLASS': 'user', 'USERNAME': 'pi', 'TERM': 'xterm-256color', 'GNOME_DESKTOP_SESSION_ID': 'this-is-deprecated', 'PATH': '/opt/ros/kilted/opt/gz_tools_vendor/bin:/opt/ros/kilted/bin:/usr/local/sbin:/usr/local/bin:/usr/sbin:/usr/bin:/sbin:/bin:/usr/games:/usr/local/games:/snap/bin:/snap/bin', 'SESSION_MANAGER': 'local/pi-desktop:@/tmp/.ICE-unix/2158,unix/pi-desktop:/tmp/.ICE-unix/2158', 'XDG_MENU_PREFIX': 'gnome-', 'GNOME_TERMINAL_SCREEN': '/org/gnome/Terminal/screen/b6060ff1_b4c0_4e7e_98da_2ab95f683da2', 'GNOME_SETUP_DISPLAY': ':1', 'XDG_RUNTIME_DIR': '/run/user/1000', 'DISPLAY': ':0', 'LANG': 'C.UTF-8', 'XDG_CURRENT_DESKTOP': 'ubuntu:GNOME', 'XMODIFIERS': '@im=ibus', 'XDG_SESSION_DESKTOP': 'ubuntu', 'XAUTHORITY': '/run/user/1000/.mutter-Xwaylandauth.GK01I3', 'LS_COLORS': 'rs=0:di=01;34:ln=01;36:mh=00:pi=40;33:so=01;35:do=01;35:bd=40;33;01:cd=40;33;01:or=40;31;01:mi=00:su=37;41:sg=30;43:ca=00:tw=30;42:ow=34;42:st=37;44:ex=01;32:*.tar=01;31:*.tgz=01;31:*.arc=01;31:*.arj=01;31:*.taz=01;31:*.lha=01;31:*.lz4=01;31:*.lzh=01;31:*.lzma=01;31:*.tlz=01;31:*.txz=01;31:*.tzo=01;31:*.t7z=01;31:*.zip=01;31:*.z=01;31:*.dz=01;31:*.gz=01;31:*.lrz=01;31:*.lz=01;31:*.lzo=01;31:*.xz=01;31:*.zst=01;31:*.tzst=01;31:*.bz2=01;31:*.bz=01;31:*.tbz=01;31:*.tbz2=01;31:*.tz=01;31:*.deb=01;31:*.rpm=01;31:*.jar=01;31:*.war=01;31:*.ear=01;31:*.sar=01;31:*.rar=01;31:*.alz=01;31:*.ace=01;31:*.zoo=01;31:*.cpio=01;31:*.7z=01;31:*.rz=01;31:*.cab=01;31:*.wim=01;31:*.swm=01;31:*.dwm=01;31:*.esd=01;31:*.avif=01;35:*.jpg=01;35:*.jpeg=01;35:*.mjpg=01;35:*.mjpeg=01;35:*.gif=01;35:*.bmp=01;35:*.pbm=01;35:*.pgm=01;35:*.ppm=01;35:*.tga=01;35:*.xbm=01;35:*.xpm=01;35:*.tif=01;35:*.tiff=01;35:*.png=01;35:*.svg=01;35:*.svgz=01;35:*.mng=01;35:*.pcx=01;35:*.mov=01;35:*.mpg=01;35:*.mpeg=01;35:*.m2v=01;35:*.mkv=01;35:*.webm=01;35:*.webp=01;35:*.ogm=01;35:*.mp4=01;35:*.m4v=01;35:*.mp4v=01;35:*.vob=01;35:*.qt=01;35:*.nuv=01;35:*.wmv=01;35:*.asf=01;35:*.rm=01;35:*.rmvb=01;35:*.flc=01;35:*.avi=01;35:*.fli=01;35:*.flv=01;35:*.gl=01;35:*.dl=01;35:*.xcf=01;35:*.xwd=01;35:*.yuv=01;35:*.cgm=01;35:*.emf=01;35:*.ogv=01;35:*.ogx=01;35:*.aac=00;36:*.au=00;36:*.flac=00;36:*.m4a=00;36:*.mid=00;36:*.midi=00;36:*.mka=00;36:*.mp3=00;36:*.mpc=00;36:*.ogg=00;36:*.ra=00;36:*.wav=00;36:*.oga=00;36:*.opus=00;36:*.spx=00;36:*.xspf=00;36:*~=00;90:*#=00;90:*.bak=00;90:*.crdownload=00;90:*.dpkg-dist=00;90:*.dpkg-new=00;90:*.dpkg-old=00;90:*.dpkg-tmp=00;90:*.old=00;90:*.orig=00;90:*.part=00;90:*.rej=00;90:*.rpmnew=00;90:*.rpmorig=00;90:*.rpmsave=00;90:*.swp=00;90:*.tmp=00;90:*.ucf-dist=00;90:*.ucf-new=00;90:*.ucf-old=00;90:', 'GNOME_TERMINAL_SERVICE': ':1.100', 'SSH_AUTH_SOCK': '/run/user/1000/keyring/ssh', 'ROS_DOMAIN_ID': '1', 'AMENT_PREFIX_PATH': '/home/pi/ros2_ws/install/vesc:/home/pi/ros2_ws/install/vesc_driver:/home/pi/ros2_ws/install/vesc_msgs:/home/pi/ros2_ws/install/drive:/opt/ros/kilted', 'SHELL': '/bin/bash', 'QT_ACCESSIBILITY': '1', 'GDMSESSION': 'ubuntu', 'LESSCLOSE': '/usr/bin/lesspipe %s %s', 'ROS_AUTOMATIC_DISCOVERY_RANGE': 'SUBNET', 'QT_IM_MODULE': 'ibus', 'PWD': '/home/pi/ros2_ws/build/vesc_driver', 'XDG_CONFIG_DIRS': '/etc/xdg/xdg-ubuntu:/etc/xdg', 'XDG_DATA_DIRS': '/usr/share/ubuntu:/usr/share/gnome:/usr/local/share/:/usr/share/:/var/lib/snapd/desktop', 'PYTHONPATH': '/home/pi/ros2_ws/install/vesc_msgs/lib/python3.12/site-packages:/home/pi/ros2_ws/install/drive/lib/python3.12/site-packages:/opt/ros/kilted/lib/python3.12/site-packages', 'COLCON': '1', 'MEMORY_PRESSURE_WRITE': 'c29tZSAyMDAwMDAgMjAwMDAwMAA=', 'VTE_VERSION': '7600', 'CMAKE_PREFIX_PATH': '/home/pi/ros2_ws/install/vesc_msgs:/home/pi/ros2_ws/install/vesc:/home/pi/ros2_ws/install/vesc_driver:/opt/ros/kilted/opt/sdformat_vendor:/opt/ros/kilted/opt/gz_math_vendor:/opt/ros/kilted/opt/gz_utils_vendor:/opt/ros/kilted/opt/gz_tools_vendor:/opt/ros/kilted/opt/gz_cmake_vendor:/home/pi/ros2_ws/install/drive:/opt/ros/kilted'}), 'shell': False}
[58.942060] (vesc_driver) StdoutLine: {'line': b'-- Install configuration: ""\n'}
[58.942763] (vesc_driver) StdoutLine: {'line': b'-- Execute custom install script\n'}
[58.943370] (vesc_driver) StdoutLine: {'line': b'-- Symlinking: /home/pi/ros2_ws/install/vesc_driver/lib/vesc_driver/vesc_driver_node\n'}
[58.963580] (vesc_driver) StdoutLine: {'line': b'-- Symlinking: /home/pi/ros2_ws/install/vesc_driver/include/vesc_driver/vesc_driver/crc.hpp\n'}
[58.982057] (vesc_driver) StdoutLine: {'line': b'-- Symlinking: /home/pi/ros2_ws/install/vesc_driver/include/vesc_driver/vesc_driver/datatypes.hpp\n'}
[59.000099] (vesc_driver) StdoutLine: {'line': b'-- Symlinking: /home/pi/ros2_ws/install/vesc_driver/include/vesc_driver/vesc_driver/vesc_device_uuid_lookup.hpp\n'}
[59.018155] (vesc_driver) StdoutLine: {'line': b'-- Symlinking: /home/pi/ros2_ws/install/vesc_driver/include/vesc_driver/vesc_driver/vesc_driver.hpp\n'}
[59.018399] (-) TimerEvent: {}
[59.039589] (vesc_driver) StdoutLine: {'line': b'-- Symlinking: /home/pi/ros2_ws/install/vesc_driver/include/vesc_driver/vesc_driver/vesc_interface.hpp\n'}
[59.057303] (vesc_driver) StdoutLine: {'line': b'-- Symlinking: /home/pi/ros2_ws/install/vesc_driver/include/vesc_driver/vesc_driver/vesc_packet.hpp\n'}
[59.075581] (vesc_driver) StdoutLine: {'line': b'-- Symlinking: /home/pi/ros2_ws/install/vesc_driver/include/vesc_driver/vesc_driver/vesc_packet_factory.hpp\n'}
[59.094343] (vesc_driver) StdoutLine: {'line': b'-- Symlinking: /home/pi/ros2_ws/install/vesc_driver/share/vesc_driver/environment/library_path.sh\n'}
[59.112530] (vesc_driver) StdoutLine: {'line': b'-- Symlinking: /home/pi/ros2_ws/install/vesc_driver/share/vesc_driver/environment/library_path.dsv\n'}
[59.118493] (-) TimerEvent: {}
[59.134797] (vesc_driver) StdoutLine: {'line': b'-- Symlinking: /home/pi/ros2_ws/install/vesc_driver/lib/libvesc_driver.so\n'}
[59.152536] (vesc_driver) StdoutLine: {'line': b'-- Symlinking: /home/pi/ros2_ws/install/vesc_driver/lib/vesc_driver/vesc_device_namer\n'}
[59.171140] (vesc_driver) StdoutLine: {'line': b'-- Symlinking: /home/pi/ros2_ws/install/vesc_driver/share/vesc_driver/launch/vesc_driver_node.launch.py\n'}
[59.189449] (vesc_driver) StdoutLine: {'line': b'-- Symlinking: /home/pi/ros2_ws/install/vesc_driver/share/vesc_driver/params/vesc_config.yaml\n'}
[59.207931] (vesc_driver) StdoutLine: {'line': b'-- Symlinking: /home/pi/ros2_ws/install/vesc_driver/share/ament_index/resource_index/package_run_dependencies/vesc_driver\n'}
[59.218596] (-) TimerEvent: {}
[59.231462] (vesc_driver) StdoutLine: {'line': b'-- Symlinking: /home/pi/ros2_ws/install/vesc_driver/share/ament_index/resource_index/parent_prefix_path/vesc_driver\n'}
[59.249826] (vesc_driver) StdoutLine: {'line': b'-- Symlinking: /home/pi/ros2_ws/install/vesc_driver/share/vesc_driver/environment/ament_prefix_path.sh\n'}
[59.269193] (vesc_driver) StdoutLine: {'line': b'-- Symlinking: /home/pi/ros2_ws/install/vesc_driver/share/vesc_driver/environment/ament_prefix_path.dsv\n'}
[59.286772] (vesc_driver) StdoutLine: {'line': b'-- Symlinking: /home/pi/ros2_ws/install/vesc_driver/share/vesc_driver/environment/path.sh\n'}
[59.305967] (vesc_driver) StdoutLine: {'line': b'-- Symlinking: /home/pi/ros2_ws/install/vesc_driver/share/vesc_driver/environment/path.dsv\n'}
[59.318699] (-) TimerEvent: {}
[59.328150] (vesc_driver) StdoutLine: {'line': b'-- Symlinking: /home/pi/ros2_ws/install/vesc_driver/share/vesc_driver/local_setup.bash\n'}
[59.346465] (vesc_driver) StdoutLine: {'line': b'-- Symlinking: /home/pi/ros2_ws/install/vesc_driver/share/vesc_driver/local_setup.sh\n'}
[59.364912] (vesc_driver) StdoutLine: {'line': b'-- Symlinking: /home/pi/ros2_ws/install/vesc_driver/share/vesc_driver/local_setup.zsh\n'}
[59.382762] (vesc_driver) StdoutLine: {'line': b'-- Symlinking: /home/pi/ros2_ws/install/vesc_driver/share/vesc_driver/local_setup.dsv\n'}
[59.401300] (vesc_driver) StdoutLine: {'line': b'-- Symlinking: /home/pi/ros2_ws/install/vesc_driver/share/vesc_driver/package.dsv\n'}
[59.418802] (-) TimerEvent: {}
[59.421342] (vesc_driver) StdoutLine: {'line': b'-- Symlinking: /home/pi/ros2_ws/install/vesc_driver/share/ament_index/resource_index/packages/vesc_driver\n'}
[59.441944] (vesc_driver) StdoutLine: {'line': b'-- Symlinking: /home/pi/ros2_ws/install/vesc_driver/share/ament_index/resource_index/rclcpp_components/vesc_driver\n'}
[59.460118] (vesc_driver) StdoutLine: {'line': b'-- Symlinking: /home/pi/ros2_ws/install/vesc_driver/share/vesc_driver/cmake/ament_cmake_export_dependencies-extras.cmake\n'}
[59.478680] (vesc_driver) StdoutLine: {'line': b'-- Symlinking: /home/pi/ros2_ws/install/vesc_driver/share/vesc_driver/cmake/ament_cmake_export_include_directories-extras.cmake\n'}
[59.497733] (vesc_driver) StdoutLine: {'line': b'-- Symlinking: /home/pi/ros2_ws/install/vesc_driver/share/vesc_driver/cmake/ament_cmake_export_libraries-extras.cmake\n'}
[59.516224] (vesc_driver) StdoutLine: {'line': b'-- Symlinking: /home/pi/ros2_ws/install/vesc_driver/share/vesc_driver/cmake/vesc_driverConfig.cmake\n'}
[59.518862] (-) TimerEvent: {}
[59.538053] (vesc_driver) StdoutLine: {'line': b'-- Symlinking: /home/pi/ros2_ws/install/vesc_driver/share/vesc_driver/cmake/vesc_driverConfig-version.cmake\n'}
[59.557307] (vesc_driver) StdoutLine: {'line': b'-- Symlinking: /home/pi/ros2_ws/install/vesc_driver/share/vesc_driver/package.xml\n'}
[59.579147] (vesc_driver) CommandEnded: {'returncode': 0}
[59.604081] (vesc_driver) JobEnded: {'identifier': 'vesc_driver', 'rc': 0}
[59.605267] (vesc) JobStarted: {'identifier': 'vesc'}
[59.619023] (-) TimerEvent: {}
[59.628944] (vesc) JobProgress: {'identifier': 'vesc', 'progress': 'cmake'}
[59.630214] (vesc) Command: {'cmd': ['/usr/bin/cmake', '/home/pi/ros2_ws/src/vesc/vesc', '-DAMENT_CMAKE_SYMLINK_INSTALL=1', '-DCMAKE_INSTALL_PREFIX=/home/pi/ros2_ws/install/vesc'], 'cwd': '/home/pi/ros2_ws/build/vesc', 'env': OrderedDict({'LESSOPEN': '| /usr/bin/lesspipe %s', 'USER': 'pi', 'GZ_CONFIG_PATH': '/opt/ros/kilted/opt/sdformat_vendor/share/gz', 'XDG_SESSION_TYPE': 'wayland', 'CLUTTER_DISABLE_MIPMAPPED_TEXT': '1', 'SHLVL': '1', 'LD_LIBRARY_PATH': '/home/pi/ros2_ws/install/vesc_driver/lib:/home/pi/ros2_ws/install/vesc_msgs/lib:/opt/ros/kilted/opt/zenoh_cpp_vendor/lib:/opt/ros/kilted/opt/sdformat_vendor/lib:/opt/ros/kilted/opt/gz_math_vendor/lib:/opt/ros/kilted/opt/gz_utils_vendor/lib:/opt/ros/kilted/opt/rviz_ogre_vendor/lib:/opt/ros/kilted/lib/aarch64-linux-gnu:/opt/ros/kilted/opt/gz_tools_vendor/lib:/opt/ros/kilted/opt/gz_cmake_vendor/lib:/opt/ros/kilted/lib', 'HOME': '/home/pi', 'OLDPWD': '/home/pi/ros2_ws/src', 'DESKTOP_SESSION': 'ubuntu', 'ROS_PYTHON_VERSION': '3', 'GNOME_SHELL_SESSION_MODE': 'ubuntu', 'GTK_MODULES': 'gail:atk-bridge', 'SYSTEMD_EXEC_PID': '2195', 'GSM_SKIP_SSH_AGENT_WORKAROUND': 'true', 'DBUS_SESSION_BUS_ADDRESS': 'unix:path=/run/user/1000/bus', 'COLORTERM': 'truecolor', 'DEBUGINFOD_URLS': 'https://debuginfod.ubuntu.com', 'IM_CONFIG_PHASE': '1', 'WAYLAND_DISPLAY': 'wayland-0', 'COLCON_PREFIX_PATH': '/home/pi/ros2_ws/install', 'ROS_DISTRO': 'kilted', 'LOGNAME': 'pi', '_': '/usr/bin/colcon', 'ROS_VERSION': '2', 'MEMORY_PRESSURE_WATCH': '/sys/fs/cgroup/user.slice/user-1000.slice/user@1000.service/session.slice/org.gnome.Shell@wayland.service/memory.pressure', 'XDG_SESSION_CLASS': 'user', 'USERNAME': 'pi', 'TERM': 'xterm-256color', 'GNOME_DESKTOP_SESSION_ID': 'this-is-deprecated', 'PATH': '/opt/ros/kilted/opt/gz_tools_vendor/bin:/opt/ros/kilted/bin:/usr/local/sbin:/usr/local/bin:/usr/sbin:/usr/bin:/sbin:/bin:/usr/games:/usr/local/games:/snap/bin:/snap/bin', 'SESSION_MANAGER': 'local/pi-desktop:@/tmp/.ICE-unix/2158,unix/pi-desktop:/tmp/.ICE-unix/2158', 'XDG_MENU_PREFIX': 'gnome-', 'GNOME_TERMINAL_SCREEN': '/org/gnome/Terminal/screen/b6060ff1_b4c0_4e7e_98da_2ab95f683da2', 'GNOME_SETUP_DISPLAY': ':1', 'XDG_RUNTIME_DIR': '/run/user/1000', 'DISPLAY': ':0', 'LANG': 'C.UTF-8', 'XDG_CURRENT_DESKTOP': 'ubuntu:GNOME', 'XMODIFIERS': '@im=ibus', 'XDG_SESSION_DESKTOP': 'ubuntu', 'XAUTHORITY': '/run/user/1000/.mutter-Xwaylandauth.GK01I3', 'LS_COLORS': 'rs=0:di=01;34:ln=01;36:mh=00:pi=40;33:so=01;35:do=01;35:bd=40;33;01:cd=40;33;01:or=40;31;01:mi=00:su=37;41:sg=30;43:ca=00:tw=30;42:ow=34;42:st=37;44:ex=01;32:*.tar=01;31:*.tgz=01;31:*.arc=01;31:*.arj=01;31:*.taz=01;31:*.lha=01;31:*.lz4=01;31:*.lzh=01;31:*.lzma=01;31:*.tlz=01;31:*.txz=01;31:*.tzo=01;31:*.t7z=01;31:*.zip=01;31:*.z=01;31:*.dz=01;31:*.gz=01;31:*.lrz=01;31:*.lz=01;31:*.lzo=01;31:*.xz=01;31:*.zst=01;31:*.tzst=01;31:*.bz2=01;31:*.bz=01;31:*.tbz=01;31:*.tbz2=01;31:*.tz=01;31:*.deb=01;31:*.rpm=01;31:*.jar=01;31:*.war=01;31:*.ear=01;31:*.sar=01;31:*.rar=01;31:*.alz=01;31:*.ace=01;31:*.zoo=01;31:*.cpio=01;31:*.7z=01;31:*.rz=01;31:*.cab=01;31:*.wim=01;31:*.swm=01;31:*.dwm=01;31:*.esd=01;31:*.avif=01;35:*.jpg=01;35:*.jpeg=01;35:*.mjpg=01;35:*.mjpeg=01;35:*.gif=01;35:*.bmp=01;35:*.pbm=01;35:*.pgm=01;35:*.ppm=01;35:*.tga=01;35:*.xbm=01;35:*.xpm=01;35:*.tif=01;35:*.tiff=01;35:*.png=01;35:*.svg=01;35:*.svgz=01;35:*.mng=01;35:*.pcx=01;35:*.mov=01;35:*.mpg=01;35:*.mpeg=01;35:*.m2v=01;35:*.mkv=01;35:*.webm=01;35:*.webp=01;35:*.ogm=01;35:*.mp4=01;35:*.m4v=01;35:*.mp4v=01;35:*.vob=01;35:*.qt=01;35:*.nuv=01;35:*.wmv=01;35:*.asf=01;35:*.rm=01;35:*.rmvb=01;35:*.flc=01;35:*.avi=01;35:*.fli=01;35:*.flv=01;35:*.gl=01;35:*.dl=01;35:*.xcf=01;35:*.xwd=01;35:*.yuv=01;35:*.cgm=01;35:*.emf=01;35:*.ogv=01;35:*.ogx=01;35:*.aac=00;36:*.au=00;36:*.flac=00;36:*.m4a=00;36:*.mid=00;36:*.midi=00;36:*.mka=00;36:*.mp3=00;36:*.mpc=00;36:*.ogg=00;36:*.ra=00;36:*.wav=00;36:*.oga=00;36:*.opus=00;36:*.spx=00;36:*.xspf=00;36:*~=00;90:*#=00;90:*.bak=00;90:*.crdownload=00;90:*.dpkg-dist=00;90:*.dpkg-new=00;90:*.dpkg-old=00;90:*.dpkg-tmp=00;90:*.old=00;90:*.orig=00;90:*.part=00;90:*.rej=00;90:*.rpmnew=00;90:*.rpmorig=00;90:*.rpmsave=00;90:*.swp=00;90:*.tmp=00;90:*.ucf-dist=00;90:*.ucf-new=00;90:*.ucf-old=00;90:', 'GNOME_TERMINAL_SERVICE': ':1.100', 'SSH_AUTH_SOCK': '/run/user/1000/keyring/ssh', 'ROS_DOMAIN_ID': '1', 'AMENT_PREFIX_PATH': '/home/pi/ros2_ws/install/vesc:/home/pi/ros2_ws/install/vesc_driver:/home/pi/ros2_ws/install/vesc_msgs:/home/pi/ros2_ws/install/drive:/opt/ros/kilted', 'SHELL': '/bin/bash', 'QT_ACCESSIBILITY': '1', 'GDMSESSION': 'ubuntu', 'LESSCLOSE': '/usr/bin/lesspipe %s %s', 'ROS_AUTOMATIC_DISCOVERY_RANGE': 'SUBNET', 'QT_IM_MODULE': 'ibus', 'PWD': '/home/pi/ros2_ws/build/vesc', 'XDG_CONFIG_DIRS': '/etc/xdg/xdg-ubuntu:/etc/xdg', 'XDG_DATA_DIRS': '/usr/share/ubuntu:/usr/share/gnome:/usr/local/share/:/usr/share/:/var/lib/snapd/desktop', 'PYTHONPATH': '/home/pi/ros2_ws/install/vesc_msgs/lib/python3.12/site-packages:/home/pi/ros2_ws/install/drive/lib/python3.12/site-packages:/opt/ros/kilted/lib/python3.12/site-packages', 'COLCON': '1', 'MEMORY_PRESSURE_WRITE': 'c29tZSAyMDAwMDAgMjAwMDAwMAA=', 'VTE_VERSION': '7600', 'CMAKE_PREFIX_PATH': '/home/pi/ros2_ws/install/vesc_driver:/home/pi/ros2_ws/install/vesc_msgs:/home/pi/ros2_ws/install/vesc:/opt/ros/kilted/opt/sdformat_vendor:/opt/ros/kilted/opt/gz_math_vendor:/opt/ros/kilted/opt/gz_utils_vendor:/opt/ros/kilted/opt/gz_tools_vendor:/opt/ros/kilted/opt/gz_cmake_vendor:/home/pi/ros2_ws/install/drive:/opt/ros/kilted'}), 'shell': False}
[59.719157] (-) TimerEvent: {}
[59.747375] (vesc) StdoutLine: {'line': b'-- The C compiler identification is GNU 13.3.0\n'}
[59.819287] (-) TimerEvent: {}
[59.856496] (vesc) StdoutLine: {'line': b'-- The CXX compiler identification is GNU 13.3.0\n'}
[59.884643] (vesc) StdoutLine: {'line': b'-- Detecting C compiler ABI info\n'}
[59.919415] (-) TimerEvent: {}
[60.019802] (-) TimerEvent: {}
[60.065771] (vesc) StdoutLine: {'line': b'-- Detecting C compiler ABI info - done\n'}
[60.081547] (vesc) StdoutLine: {'line': b'-- Check for working C compiler: /usr/bin/cc - skipped\n'}
[60.081941] (vesc) StdoutLine: {'line': b'-- Detecting C compile features\n'}
[60.082545] (vesc) StdoutLine: {'line': b'-- Detecting C compile features - done\n'}
[60.097477] (vesc) StdoutLine: {'line': b'-- Detecting CXX compiler ABI info\n'}
[60.119889] (-) TimerEvent: {}
[60.220235] (-) TimerEvent: {}
[60.290905] (vesc) StdoutLine: {'line': b'-- Detecting CXX compiler ABI info - done\n'}
[60.306727] (vesc) StdoutLine: {'line': b'-- Check for working CXX compiler: /usr/bin/c++ - skipped\n'}
[60.307144] (vesc) StdoutLine: {'line': b'-- Detecting CXX compile features\n'}
[60.307847] (vesc) StdoutLine: {'line': b'-- Detecting CXX compile features - done\n'}
[60.311661] (vesc) StdoutLine: {'line': b'-- Found ament_cmake_auto: 2.7.3 (/opt/ros/kilted/share/ament_cmake_auto/cmake)\n'}
[60.320309] (-) TimerEvent: {}
[60.420585] (-) TimerEvent: {}
[60.520964] (-) TimerEvent: {}
[60.553740] (vesc) StdoutLine: {'line': b'-- Found Python3: /usr/bin/python3 (found version "3.12.3") found components: Interpreter \n'}
[60.621078] (-) TimerEvent: {}
[60.677667] (vesc) StdoutLine: {'line': b'-- Override CMake install command with custom implementation using symlinks instead of copying resources\n'}
[60.721179] (-) TimerEvent: {}
[60.821480] (-) TimerEvent: {}
[60.887843] (vesc) StdoutLine: {'line': b'-- Configuring done (1.2s)\n'}
[60.893435] (vesc) StdoutLine: {'line': b'-- Generating done (0.0s)\n'}
[60.895725] (vesc) StdoutLine: {'line': b'-- Build files have been written to: /home/pi/ros2_ws/build/vesc\n'}
[60.904587] (vesc) CommandEnded: {'returncode': 0}
[60.905205] (vesc) JobProgress: {'identifier': 'vesc', 'progress': 'build'}
[60.906298] (vesc) Command: {'cmd': ['/usr/bin/cmake', '--build', '/home/pi/ros2_ws/build/vesc', '--', '-j4', '-l4'], 'cwd': '/home/pi/ros2_ws/build/vesc', 'env': OrderedDict({'LESSOPEN': '| /usr/bin/lesspipe %s', 'USER': 'pi', 'GZ_CONFIG_PATH': '/opt/ros/kilted/opt/sdformat_vendor/share/gz', 'XDG_SESSION_TYPE': 'wayland', 'CLUTTER_DISABLE_MIPMAPPED_TEXT': '1', 'SHLVL': '1', 'LD_LIBRARY_PATH': '/home/pi/ros2_ws/install/vesc_driver/lib:/home/pi/ros2_ws/install/vesc_msgs/lib:/opt/ros/kilted/opt/zenoh_cpp_vendor/lib:/opt/ros/kilted/opt/sdformat_vendor/lib:/opt/ros/kilted/opt/gz_math_vendor/lib:/opt/ros/kilted/opt/gz_utils_vendor/lib:/opt/ros/kilted/opt/rviz_ogre_vendor/lib:/opt/ros/kilted/lib/aarch64-linux-gnu:/opt/ros/kilted/opt/gz_tools_vendor/lib:/opt/ros/kilted/opt/gz_cmake_vendor/lib:/opt/ros/kilted/lib', 'HOME': '/home/pi', 'OLDPWD': '/home/pi/ros2_ws/src', 'DESKTOP_SESSION': 'ubuntu', 'ROS_PYTHON_VERSION': '3', 'GNOME_SHELL_SESSION_MODE': 'ubuntu', 'GTK_MODULES': 'gail:atk-bridge', 'SYSTEMD_EXEC_PID': '2195', 'GSM_SKIP_SSH_AGENT_WORKAROUND': 'true', 'DBUS_SESSION_BUS_ADDRESS': 'unix:path=/run/user/1000/bus', 'COLORTERM': 'truecolor', 'DEBUGINFOD_URLS': 'https://debuginfod.ubuntu.com', 'IM_CONFIG_PHASE': '1', 'WAYLAND_DISPLAY': 'wayland-0', 'COLCON_PREFIX_PATH': '/home/pi/ros2_ws/install', 'ROS_DISTRO': 'kilted', 'LOGNAME': 'pi', '_': '/usr/bin/colcon', 'ROS_VERSION': '2', 'MEMORY_PRESSURE_WATCH': '/sys/fs/cgroup/user.slice/user-1000.slice/user@1000.service/session.slice/org.gnome.Shell@wayland.service/memory.pressure', 'XDG_SESSION_CLASS': 'user', 'USERNAME': 'pi', 'TERM': 'xterm-256color', 'GNOME_DESKTOP_SESSION_ID': 'this-is-deprecated', 'PATH': '/opt/ros/kilted/opt/gz_tools_vendor/bin:/opt/ros/kilted/bin:/usr/local/sbin:/usr/local/bin:/usr/sbin:/usr/bin:/sbin:/bin:/usr/games:/usr/local/games:/snap/bin:/snap/bin', 'SESSION_MANAGER': 'local/pi-desktop:@/tmp/.ICE-unix/2158,unix/pi-desktop:/tmp/.ICE-unix/2158', 'XDG_MENU_PREFIX': 'gnome-', 'GNOME_TERMINAL_SCREEN': '/org/gnome/Terminal/screen/b6060ff1_b4c0_4e7e_98da_2ab95f683da2', 'GNOME_SETUP_DISPLAY': ':1', 'XDG_RUNTIME_DIR': '/run/user/1000', 'DISPLAY': ':0', 'LANG': 'C.UTF-8', 'XDG_CURRENT_DESKTOP': 'ubuntu:GNOME', 'XMODIFIERS': '@im=ibus', 'XDG_SESSION_DESKTOP': 'ubuntu', 'XAUTHORITY': '/run/user/1000/.mutter-Xwaylandauth.GK01I3', 'LS_COLORS': 'rs=0:di=01;34:ln=01;36:mh=00:pi=40;33:so=01;35:do=01;35:bd=40;33;01:cd=40;33;01:or=40;31;01:mi=00:su=37;41:sg=30;43:ca=00:tw=30;42:ow=34;42:st=37;44:ex=01;32:*.tar=01;31:*.tgz=01;31:*.arc=01;31:*.arj=01;31:*.taz=01;31:*.lha=01;31:*.lz4=01;31:*.lzh=01;31:*.lzma=01;31:*.tlz=01;31:*.txz=01;31:*.tzo=01;31:*.t7z=01;31:*.zip=01;31:*.z=01;31:*.dz=01;31:*.gz=01;31:*.lrz=01;31:*.lz=01;31:*.lzo=01;31:*.xz=01;31:*.zst=01;31:*.tzst=01;31:*.bz2=01;31:*.bz=01;31:*.tbz=01;31:*.tbz2=01;31:*.tz=01;31:*.deb=01;31:*.rpm=01;31:*.jar=01;31:*.war=01;31:*.ear=01;31:*.sar=01;31:*.rar=01;31:*.alz=01;31:*.ace=01;31:*.zoo=01;31:*.cpio=01;31:*.7z=01;31:*.rz=01;31:*.cab=01;31:*.wim=01;31:*.swm=01;31:*.dwm=01;31:*.esd=01;31:*.avif=01;35:*.jpg=01;35:*.jpeg=01;35:*.mjpg=01;35:*.mjpeg=01;35:*.gif=01;35:*.bmp=01;35:*.pbm=01;35:*.pgm=01;35:*.ppm=01;35:*.tga=01;35:*.xbm=01;35:*.xpm=01;35:*.tif=01;35:*.tiff=01;35:*.png=01;35:*.svg=01;35:*.svgz=01;35:*.mng=01;35:*.pcx=01;35:*.mov=01;35:*.mpg=01;35:*.mpeg=01;35:*.m2v=01;35:*.mkv=01;35:*.webm=01;35:*.webp=01;35:*.ogm=01;35:*.mp4=01;35:*.m4v=01;35:*.mp4v=01;35:*.vob=01;35:*.qt=01;35:*.nuv=01;35:*.wmv=01;35:*.asf=01;35:*.rm=01;35:*.rmvb=01;35:*.flc=01;35:*.avi=01;35:*.fli=01;35:*.flv=01;35:*.gl=01;35:*.dl=01;35:*.xcf=01;35:*.xwd=01;35:*.yuv=01;35:*.cgm=01;35:*.emf=01;35:*.ogv=01;35:*.ogx=01;35:*.aac=00;36:*.au=00;36:*.flac=00;36:*.m4a=00;36:*.mid=00;36:*.midi=00;36:*.mka=00;36:*.mp3=00;36:*.mpc=00;36:*.ogg=00;36:*.ra=00;36:*.wav=00;36:*.oga=00;36:*.opus=00;36:*.spx=00;36:*.xspf=00;36:*~=00;90:*#=00;90:*.bak=00;90:*.crdownload=00;90:*.dpkg-dist=00;90:*.dpkg-new=00;90:*.dpkg-old=00;90:*.dpkg-tmp=00;90:*.old=00;90:*.orig=00;90:*.part=00;90:*.rej=00;90:*.rpmnew=00;90:*.rpmorig=00;90:*.rpmsave=00;90:*.swp=00;90:*.tmp=00;90:*.ucf-dist=00;90:*.ucf-new=00;90:*.ucf-old=00;90:', 'GNOME_TERMINAL_SERVICE': ':1.100', 'SSH_AUTH_SOCK': '/run/user/1000/keyring/ssh', 'ROS_DOMAIN_ID': '1', 'AMENT_PREFIX_PATH': '/home/pi/ros2_ws/install/vesc:/home/pi/ros2_ws/install/vesc_driver:/home/pi/ros2_ws/install/vesc_msgs:/home/pi/ros2_ws/install/drive:/opt/ros/kilted', 'SHELL': '/bin/bash', 'QT_ACCESSIBILITY': '1', 'GDMSESSION': 'ubuntu', 'LESSCLOSE': '/usr/bin/lesspipe %s %s', 'ROS_AUTOMATIC_DISCOVERY_RANGE': 'SUBNET', 'QT_IM_MODULE': 'ibus', 'PWD': '/home/pi/ros2_ws/build/vesc', 'XDG_CONFIG_DIRS': '/etc/xdg/xdg-ubuntu:/etc/xdg', 'XDG_DATA_DIRS': '/usr/share/ubuntu:/usr/share/gnome:/usr/local/share/:/usr/share/:/var/lib/snapd/desktop', 'PYTHONPATH': '/home/pi/ros2_ws/install/vesc_msgs/lib/python3.12/site-packages:/home/pi/ros2_ws/install/drive/lib/python3.12/site-packages:/opt/ros/kilted/lib/python3.12/site-packages', 'COLCON': '1', 'MEMORY_PRESSURE_WRITE': 'c29tZSAyMDAwMDAgMjAwMDAwMAA=', 'VTE_VERSION': '7600', 'CMAKE_PREFIX_PATH': '/home/pi/ros2_ws/install/vesc_driver:/home/pi/ros2_ws/install/vesc_msgs:/home/pi/ros2_ws/install/vesc:/opt/ros/kilted/opt/sdformat_vendor:/opt/ros/kilted/opt/gz_math_vendor:/opt/ros/kilted/opt/gz_utils_vendor:/opt/ros/kilted/opt/gz_tools_vendor:/opt/ros/kilted/opt/gz_cmake_vendor:/home/pi/ros2_ws/install/drive:/opt/ros/kilted'}), 'shell': False}
[60.921588] (-) TimerEvent: {}
[60.986778] (vesc) CommandEnded: {'returncode': 0}
[60.987633] (vesc) JobProgress: {'identifier': 'vesc', 'progress': 'install'}
[60.988841] (vesc) Command: {'cmd': ['/usr/bin/cmake', '--install', '/home/pi/ros2_ws/build/vesc'], 'cwd': '/home/pi/ros2_ws/build/vesc', 'env': OrderedDict({'LESSOPEN': '| /usr/bin/lesspipe %s', 'USER': 'pi', 'GZ_CONFIG_PATH': '/opt/ros/kilted/opt/sdformat_vendor/share/gz', 'XDG_SESSION_TYPE': 'wayland', 'CLUTTER_DISABLE_MIPMAPPED_TEXT': '1', 'SHLVL': '1', 'LD_LIBRARY_PATH': '/home/pi/ros2_ws/install/vesc_driver/lib:/home/pi/ros2_ws/install/vesc_msgs/lib:/opt/ros/kilted/opt/zenoh_cpp_vendor/lib:/opt/ros/kilted/opt/sdformat_vendor/lib:/opt/ros/kilted/opt/gz_math_vendor/lib:/opt/ros/kilted/opt/gz_utils_vendor/lib:/opt/ros/kilted/opt/rviz_ogre_vendor/lib:/opt/ros/kilted/lib/aarch64-linux-gnu:/opt/ros/kilted/opt/gz_tools_vendor/lib:/opt/ros/kilted/opt/gz_cmake_vendor/lib:/opt/ros/kilted/lib', 'HOME': '/home/pi', 'OLDPWD': '/home/pi/ros2_ws/src', 'DESKTOP_SESSION': 'ubuntu', 'ROS_PYTHON_VERSION': '3', 'GNOME_SHELL_SESSION_MODE': 'ubuntu', 'GTK_MODULES': 'gail:atk-bridge', 'SYSTEMD_EXEC_PID': '2195', 'GSM_SKIP_SSH_AGENT_WORKAROUND': 'true', 'DBUS_SESSION_BUS_ADDRESS': 'unix:path=/run/user/1000/bus', 'COLORTERM': 'truecolor', 'DEBUGINFOD_URLS': 'https://debuginfod.ubuntu.com', 'IM_CONFIG_PHASE': '1', 'WAYLAND_DISPLAY': 'wayland-0', 'COLCON_PREFIX_PATH': '/home/pi/ros2_ws/install', 'ROS_DISTRO': 'kilted', 'LOGNAME': 'pi', '_': '/usr/bin/colcon', 'ROS_VERSION': '2', 'MEMORY_PRESSURE_WATCH': '/sys/fs/cgroup/user.slice/user-1000.slice/user@1000.service/session.slice/org.gnome.Shell@wayland.service/memory.pressure', 'XDG_SESSION_CLASS': 'user', 'USERNAME': 'pi', 'TERM': 'xterm-256color', 'GNOME_DESKTOP_SESSION_ID': 'this-is-deprecated', 'PATH': '/opt/ros/kilted/opt/gz_tools_vendor/bin:/opt/ros/kilted/bin:/usr/local/sbin:/usr/local/bin:/usr/sbin:/usr/bin:/sbin:/bin:/usr/games:/usr/local/games:/snap/bin:/snap/bin', 'SESSION_MANAGER': 'local/pi-desktop:@/tmp/.ICE-unix/2158,unix/pi-desktop:/tmp/.ICE-unix/2158', 'XDG_MENU_PREFIX': 'gnome-', 'GNOME_TERMINAL_SCREEN': '/org/gnome/Terminal/screen/b6060ff1_b4c0_4e7e_98da_2ab95f683da2', 'GNOME_SETUP_DISPLAY': ':1', 'XDG_RUNTIME_DIR': '/run/user/1000', 'DISPLAY': ':0', 'LANG': 'C.UTF-8', 'XDG_CURRENT_DESKTOP': 'ubuntu:GNOME', 'XMODIFIERS': '@im=ibus', 'XDG_SESSION_DESKTOP': 'ubuntu', 'XAUTHORITY': '/run/user/1000/.mutter-Xwaylandauth.GK01I3', 'LS_COLORS': 'rs=0:di=01;34:ln=01;36:mh=00:pi=40;33:so=01;35:do=01;35:bd=40;33;01:cd=40;33;01:or=40;31;01:mi=00:su=37;41:sg=30;43:ca=00:tw=30;42:ow=34;42:st=37;44:ex=01;32:*.tar=01;31:*.tgz=01;31:*.arc=01;31:*.arj=01;31:*.taz=01;31:*.lha=01;31:*.lz4=01;31:*.lzh=01;31:*.lzma=01;31:*.tlz=01;31:*.txz=01;31:*.tzo=01;31:*.t7z=01;31:*.zip=01;31:*.z=01;31:*.dz=01;31:*.gz=01;31:*.lrz=01;31:*.lz=01;31:*.lzo=01;31:*.xz=01;31:*.zst=01;31:*.tzst=01;31:*.bz2=01;31:*.bz=01;31:*.tbz=01;31:*.tbz2=01;31:*.tz=01;31:*.deb=01;31:*.rpm=01;31:*.jar=01;31:*.war=01;31:*.ear=01;31:*.sar=01;31:*.rar=01;31:*.alz=01;31:*.ace=01;31:*.zoo=01;31:*.cpio=01;31:*.7z=01;31:*.rz=01;31:*.cab=01;31:*.wim=01;31:*.swm=01;31:*.dwm=01;31:*.esd=01;31:*.avif=01;35:*.jpg=01;35:*.jpeg=01;35:*.mjpg=01;35:*.mjpeg=01;35:*.gif=01;35:*.bmp=01;35:*.pbm=01;35:*.pgm=01;35:*.ppm=01;35:*.tga=01;35:*.xbm=01;35:*.xpm=01;35:*.tif=01;35:*.tiff=01;35:*.png=01;35:*.svg=01;35:*.svgz=01;35:*.mng=01;35:*.pcx=01;35:*.mov=01;35:*.mpg=01;35:*.mpeg=01;35:*.m2v=01;35:*.mkv=01;35:*.webm=01;35:*.webp=01;35:*.ogm=01;35:*.mp4=01;35:*.m4v=01;35:*.mp4v=01;35:*.vob=01;35:*.qt=01;35:*.nuv=01;35:*.wmv=01;35:*.asf=01;35:*.rm=01;35:*.rmvb=01;35:*.flc=01;35:*.avi=01;35:*.fli=01;35:*.flv=01;35:*.gl=01;35:*.dl=01;35:*.xcf=01;35:*.xwd=01;35:*.yuv=01;35:*.cgm=01;35:*.emf=01;35:*.ogv=01;35:*.ogx=01;35:*.aac=00;36:*.au=00;36:*.flac=00;36:*.m4a=00;36:*.mid=00;36:*.midi=00;36:*.mka=00;36:*.mp3=00;36:*.mpc=00;36:*.ogg=00;36:*.ra=00;36:*.wav=00;36:*.oga=00;36:*.opus=00;36:*.spx=00;36:*.xspf=00;36:*~=00;90:*#=00;90:*.bak=00;90:*.crdownload=00;90:*.dpkg-dist=00;90:*.dpkg-new=00;90:*.dpkg-old=00;90:*.dpkg-tmp=00;90:*.old=00;90:*.orig=00;90:*.part=00;90:*.rej=00;90:*.rpmnew=00;90:*.rpmorig=00;90:*.rpmsave=00;90:*.swp=00;90:*.tmp=00;90:*.ucf-dist=00;90:*.ucf-new=00;90:*.ucf-old=00;90:', 'GNOME_TERMINAL_SERVICE': ':1.100', 'SSH_AUTH_SOCK': '/run/user/1000/keyring/ssh', 'ROS_DOMAIN_ID': '1', 'AMENT_PREFIX_PATH': '/home/pi/ros2_ws/install/vesc:/home/pi/ros2_ws/install/vesc_driver:/home/pi/ros2_ws/install/vesc_msgs:/home/pi/ros2_ws/install/drive:/opt/ros/kilted', 'SHELL': '/bin/bash', 'QT_ACCESSIBILITY': '1', 'GDMSESSION': 'ubuntu', 'LESSCLOSE': '/usr/bin/lesspipe %s %s', 'ROS_AUTOMATIC_DISCOVERY_RANGE': 'SUBNET', 'QT_IM_MODULE': 'ibus', 'PWD': '/home/pi/ros2_ws/build/vesc', 'XDG_CONFIG_DIRS': '/etc/xdg/xdg-ubuntu:/etc/xdg', 'XDG_DATA_DIRS': '/usr/share/ubuntu:/usr/share/gnome:/usr/local/share/:/usr/share/:/var/lib/snapd/desktop', 'PYTHONPATH': '/home/pi/ros2_ws/install/vesc_msgs/lib/python3.12/site-packages:/home/pi/ros2_ws/install/drive/lib/python3.12/site-packages:/opt/ros/kilted/lib/python3.12/site-packages', 'COLCON': '1', 'MEMORY_PRESSURE_WRITE': 'c29tZSAyMDAwMDAgMjAwMDAwMAA=', 'VTE_VERSION': '7600', 'CMAKE_PREFIX_PATH': '/home/pi/ros2_ws/install/vesc_driver:/home/pi/ros2_ws/install/vesc_msgs:/home/pi/ros2_ws/install/vesc:/opt/ros/kilted/opt/sdformat_vendor:/opt/ros/kilted/opt/gz_math_vendor:/opt/ros/kilted/opt/gz_utils_vendor:/opt/ros/kilted/opt/gz_tools_vendor:/opt/ros/kilted/opt/gz_cmake_vendor:/home/pi/ros2_ws/install/drive:/opt/ros/kilted'}), 'shell': False}
[61.005112] (vesc) StdoutLine: {'line': b'-- Install configuration: ""\n'}
[61.005801] (vesc) StdoutLine: {'line': b'-- Execute custom install script\n'}
[61.006682] (vesc) StdoutLine: {'line': b'-- Symlinking: /home/pi/ros2_ws/install/vesc/share/ament_index/resource_index/package_run_dependencies/vesc\n'}
[61.021677] (-) TimerEvent: {}
[61.028027] (vesc) StdoutLine: {'line': b'-- Symlinking: /home/pi/ros2_ws/install/vesc/share/ament_index/resource_index/parent_prefix_path/vesc\n'}
[61.047341] (vesc) StdoutLine: {'line': b'-- Symlinking: /home/pi/ros2_ws/install/vesc/share/vesc/environment/ament_prefix_path.sh\n'}
[61.065700] (vesc) StdoutLine: {'line': b'-- Symlinking: /home/pi/ros2_ws/install/vesc/share/vesc/environment/ament_prefix_path.dsv\n'}
[61.084004] (vesc) StdoutLine: {'line': b'-- Symlinking: /home/pi/ros2_ws/install/vesc/share/vesc/environment/path.sh\n'}
[61.102694] (vesc) StdoutLine: {'line': b'-- Symlinking: /home/pi/ros2_ws/install/vesc/share/vesc/environment/path.dsv\n'}
[61.121838] (-) TimerEvent: {}
[61.122290] (vesc) StdoutLine: {'line': b'-- Symlinking: /home/pi/ros2_ws/install/vesc/share/vesc/local_setup.bash\n'}
[61.144853] (vesc) StdoutLine: {'line': b'-- Symlinking: /home/pi/ros2_ws/install/vesc/share/vesc/local_setup.sh\n'}
[61.164614] (vesc) StdoutLine: {'line': b'-- Symlinking: /home/pi/ros2_ws/install/vesc/share/vesc/local_setup.zsh\n'}
[61.184180] (vesc) StdoutLine: {'line': b'-- Symlinking: /home/pi/ros2_ws/install/vesc/share/vesc/local_setup.dsv\n'}
[61.202261] (vesc) StdoutLine: {'line': b'-- Symlinking: /home/pi/ros2_ws/install/vesc/share/vesc/package.dsv\n'}
[61.219931] (vesc) StdoutLine: {'line': b'-- Symlinking: /home/pi/ros2_ws/install/vesc/share/ament_index/resource_index/packages/vesc\n'}
[61.221867] (-) TimerEvent: {}
[61.241900] (vesc) StdoutLine: {'line': b'-- Symlinking: /home/pi/ros2_ws/install/vesc/share/vesc/cmake/vescConfig.cmake\n'}
[61.260613] (vesc) StdoutLine: {'line': b'-- Symlinking: /home/pi/ros2_ws/install/vesc/share/vesc/cmake/vescConfig-version.cmake\n'}
[61.280078] (vesc) StdoutLine: {'line': b'-- Symlinking: /home/pi/ros2_ws/install/vesc/share/vesc/package.xml\n'}
[61.300832] (vesc) CommandEnded: {'returncode': 0}
[61.321694] (vesc) JobEnded: {'identifier': 'vesc', 'rc': 0}
[61.322710] (-) TimerEvent: {}
[61.323195] (-) EventReactorShutdown: {}
